question,answer
What is a fee challan and how do I get it?,A fee challan is a bank payment form. You can download and print it from your student portal under the fee section. You must take this challan to a designated bank to submit your fee.
What is the attendance policy at IUB?,The university requires a minimum attendance percentage (usually 80%) for students to be eligible for the final exam. This policy is strictly enforced by the faculty. Check your course syllabus for the specific requirements.
Does IUB have a sports department?,"Yes, IUB has a dedicated sports department that manages facilities and organizes inter-university and intra-university events. You can find more information on the IUB website or by visiting the sports office."
Who is the Controller of Examinations at IUB?,The Controller of Examinations at IUB is Talib Hussain. The Examination Division can be contacted at 062-9250241 or via email at controller@iub.edu.pk for matters related to exams and transcripts .
What facilities are available in IUB hostels?,"IUB hostels offer dormitory-style rooms with shared bathrooms, kitchens, and common areas, along with free Wi-Fi, lockers, laundry services, and communal kitchens. Some hostels also provide private rooms, basic meals, and recreational activities ."
Who is the Dean of the Faculty of Computing at IUB?,The Dean of the Faculty of Computing at IUB is Prof. Dr. Dost Muhammad Khan .
Who is the Dean of the Faculty of Law?,The Dean of the Faculty of Law is Prof. Dr. Rao Imran Habib .
What is the IUB Helpline Center contact number?,"The IUB Helpline Center can be contacted at 0346-9255555, 0347-9255555, or 062-9255580, and via email at iubhelpline@iub.edu.pk for general university inquiries ."
How are houses allotted to faculty and staff at IUB?,"House allotment for faculty and staff at IUB is done through an online system at my.iub.edu.pk under 'My Apps + House Allotment'. Applicants must obtain a fresh Service Certificate from the Registrar's office and upload a clear copy with their online application. A hard copy of the application must also be submitted through proper channel within the specified deadline. Previously submitted applications are not entertained, so employees must apply afresh for each allotment cycle ."
How can I report plagiarism at IUB?,IUB has a strict anti-plagiarism policy in line with HEC guidelines. You can report incidents of plagiarism by contacting the Directorate of IT via email at ddit@iub.edu.pk or plagiarism@iub.edu.pk .
What is the process for approving Postdoctoral Fellowship applications at IUB?,"Applications are processed and reviewed by the Research Supervisor and shortlisted candidates are interviewed by a committee headed by the Principal Investigator (PI) and co-principal investigator (if any), the Registrar or his nominee, and one Subject Expert ."
What are the eligibility criteria for the Postdoctoral Research Fellowship at IUB?,"Candidates must hold a PhD from an HEC-recognized university and submit a research proposal outlining how they intend to satisfy at least 2 of the 5 defined outcomes. There is no age limit, but preference is given to fresh PhDs. Candidates cannot have availed any previous Postdoctoral Fellowship ."
How many students appeared for the HEC Need-Based Scholarship interviews at IUB?,As many as 1850 students appeared for the interviews conducted by the Directorate of Financial Assistance for the Higher Education Commission (HEC) Need-Based Scholarship program . This demonstrates IUB's commitment to making quality education accessible to deserving students.
What is the role of the Directorate of Financial Assistance at IUB?,"The Directorate of Financial Assistance (DFA) manages all scholarship programs at IUB, including HEC Need-Based, CM's Honhaar Scholarship, PEEF, and other financial aid initiatives. They conduct interviews, select eligible students, and manage payouts under different scholarships. An Information Kiosk for the Honhaar scholarship has been established at Tabish Alwari Building, BJC, IUB, where staff explain benefits and help students apply. IUB has become the first university in South Punjab to provide scholarships worth more than 800 million rupees ."
What is the IUB Anti-Harassment Center and who heads it?,The IUB Anti-Harassment and Discrimination Center is a dedicated facility established to handle harassment complaints. It is headed by a senior female teacher of the university. The center operates under the university's zero-tolerance policy on harassment and follows HEC guidelines for investigating complaints. All information regarding the complaint procedure is available on the university website .
How is the anti-harassment policy implemented across different IUB campuses?,"The anti-harassment policy is implemented uniformly across all IUB campuses. A general notice for 'Strict Observance, Enforcement, Binding & For Compliance / Implementation of Anti-Harassment Act & Policy at IUB' was issued on August 4, 2025. The phone numbers of the anti-harassment committee are displayed at prominent places on all campuses, and the university ensures all information is available on the website ."
What documents are required for the HEC Need-Based Scholarship interview at IUB?,"The documents required at the time of the HEC Need-Based Scholarship interview include: 1. HEC Application Form, 2. Copy of the last Fee Receipt of applicant and siblings, 3. Copy of CNIC (Self, Father, Mother / Guardian), 4. Copy of the Parent's/Guardian's Income Certificate (on Affidavit) / Salary Slip / Pension copy, 5. Copy of Rent Agreement in case of a rented house, 6. Last Month's Utility Bills (Electricity, Gas, Telephone and Water), and 7. Death Certificate / Disability Certificate / Medical Certificate of the Parent/Guardian etc (If applicable)."
How can I report a harassment complaint at IUB?,"IUB has a zero-tolerance policy on harassment. A university center for anti-harassment and discrimination, headed by a senior female teacher, has been established. The phone numbers of the anti-harassment committee are displayed prominently at all campuses, and students can feel free to contact concerned teachers and committee members ."
How many HEC-recognized research journals does IUB publish?,"IUB publishes 23 HEC-accredited research journals, which contributed to the university securing the 2nd position nationwide in HEC Accredited Journals for 2025 ."
What is the significance of the 'National Digital Archive of Research Published in Pakistani Journals' project for IUB researchers?,ORIC IUB organized a one-day training activity in collaboration with the Pakistan Scientific and Technological Centre on the 'Development of National Digital Archive of Research Published in Pakistani Journals' & 'Indexation of Journals in Scopus' . The project aims to create a national digital archive and improve the visibility and indexing of Pakistani research in international databases like Scopus .
What is the purpose of the Research Data Management Policy at IUB?,"The Research Data Management Policy at IUB is designed to ensure that valuable research data are not lost. It provides a basis to answer allegations of research misconduct or questions about results obtained, assists in the protection of intellectual property, and assures auditors and industry that robust academic supervision is in place. Correct data handling can also allow limited access to others for certain datasets, such as in large cohort studies ."
How can I submit a complaint to the GCRC at IUB?,"A user-friendly complaint redressal portal is integrated within the MyIUB platform, empowering students and faculty to electronically submit their grievances using their MyIUB login credentials. A dedicated email address has also been established to facilitate efficient communication between the committee and university stakeholders ."
How can faculty members contribute to IUB's global ranking improvement?,"Faculty can support IUB's global ranking by focusing on high-quality research, publications, and teaching. The Quality Enhancement Cell (QEC) organizes training sessions on 'Strategies to Elevate Ranking of IUB' for faculty members."
When does course registration typically start at IUB?,Course registration dates are announced on the student portal and academic calendar. You should check your student portal and the IUB website at the beginning of each semester for the exact registration schedule.
Where can I find information about the GCRC members and contact details?,"The GCRC has made its constitution, membership details, and contact information available on the university's official website and various social media platforms. Information is also disseminated through official communications, faculty meetings, student orientation programs, and notice boards ."
What is the Women Empowerment Summit at IUB?,"The Women Empowerment Summit 2024 was organized by the IUB Character Building Society and the Directorate of Students Affairs. The event included the NISA Award Ceremony, celebrating women's achievements and contributions to society ."
What is the General Complaint Redressal Committee (GCRC) at IUB?,"The GCRC was established to improve grievance resolution for students and faculty. It operates under Prof. Dr. Saeed Ahmad Buzdar, Incharge Faculty of Physical and Mathematical Sciences, and handles complaints per university regulations within stipulated timeframes ."
Can I appeal a GCRC decision?,GCRC comprehensive Terms of Reference (TORs) develop kar rahi hai jo complaint aur appeal forms ko design karegi. Is se appeal process clear ho jayega .
What are the Terms of Reference (TORs) for the GCRC?,The GCRC is developing comprehensive Terms of Reference (TORs) to provide a detailed explanation of its mandate and scope. These TORs will encompass the design of both online and offline complaint and appeal forms .
Can a student submit a complaint on behalf of another student?,"While a student may assist another in submitting a complaint, the GCRC requires the complaint to include the complainant's signature and identification details. The student filing the complaint must identify themselves ."
Why is my quiz not opening on IUB-LMS?,"If your quiz is not opening, check your internet connection and browser compatibility. Ensure you are using a supported browser and have the latest updates. If the problem persists, contact your instructor or the LMS support."
Some course content is missing on my IUB-LMS. What should I do?,"If course content is missing on IUB-LMS, first check with your instructor to confirm if the content has been uploaded. Refresh the page or try a different browser. If the issue continues, report it to the LMS support."
What undergraduate programs does IUB offer?,"IUB offers BS programs in fields including Arts and Languages, Social Sciences, Computing, Engineering and Technology, Law, Management Sciences, Medicine and Allied Health Sciences, Pharmacy, Agriculture and Environment, Veterinary and Animal Sciences, Physical and Mathematical Sciences, and Chemical and Biological Sciences ."
Where is the IT Help Desk located at IUB?,"The IUB IT Help Desk is located on campus. For IT-related issues, you can contact the Directorate of Information Technology at 062-9255858 or 062-9255062 ."
Where is the IUB Information Center located?,"The IUB Information Center is located in the basement of Sir Sadiq Muhammad Khan Library, Baghdad-ul-Jadeed Campus. It operates under the Directorate of Communication and Public Relations ."
How can I get a duplicate roll number slip at IUB?,"If you lose your roll number slip, you can download and print a new copy from the student portal. If you are unable to do so, contact the Examination Division for assistance."
How can I get a duplicate degree certificate from IUB?,"If you need a duplicate degree certificate, contact the Registrar's Office. You will need to submit a formal application and pay a fee. The process will be explained by the Registrar's Office."
What undergraduate programs does IUB offer?,"IUB offers a wide range of BS programs across its 15 faculties, including Computer Science, Information Technology, Software Engineering, Economics, Commerce, English Language & Linguistics, Applied Psychology, Botany, Physics, Mathematics, Chemistry, Biotechnology, Biochemistry, Zoology, Public Administration, Political Science, Islamic Studies, and many more. For a complete list, visit the official IUB website."
What is the scope of BS Software Engineering at IUB?,"BS Software Engineering at IUB prepares students for careers in software development, systems analysis, project management, and IT consulting. Graduates can work in software houses, IT departments, and technology companies. The program is offered through the Faculty of Computing."
Does IUB offer a BS in Artificial Intelligence?,"Yes, IUB offers BS in Artificial Intelligence through the Faculty of Computing. The program covers AI fundamentals, machine learning, deep learning, and related technologies. It is one of the advanced programs offered by IUB."
Does IUB offer a BS in Psychology?,"Yes, IUB offers BS in Psychology through the Faculty of Social Sciences. The program covers various areas of psychology including clinical, educational, and organizational psychology. Contact the Department of Psychology for specific curriculum details."
What is the scope of BS Information Technology at IUB?,"BS Information Technology at IUB prepares students for careers in IT management, network administration, systems analysis, and cybersecurity. Graduates can work in IT departments, technology companies, and related industries. The program is offered through the Faculty of Computing."
What is the scope of BS Economics at IUB?,"BS Economics at IUB prepares students for careers in banking, finance, government, research, and academia. Graduates can work as economists, policy analysts, financial advisors, or pursue higher education. The program is offered through the Faculty of Social Sciences."
What is the scope of BS Biotechnology at IUB?,"BS Biotechnology at IUB prepares students for careers in research, healthcare, agriculture, and pharmaceutical industries. Graduates can work as research scientists, quality control specialists, or pursue higher education. The program is offered through the Faculty of Chemical and Biological Sciences."
What is the scope of BS Chemistry at IUB?,"BS Chemistry at IUB prepares students for careers in research, pharmaceuticals, industry, and education. Graduates can work in chemical industries, research laboratories, or pursue higher education. The program is offered through the Faculty of Chemical and Biological Sciences."
What is the scope of BS Political Science at IUB?,"BS Political Science at IUB prepares students for careers in government, public policy, international relations, law, and academia. Graduates can work as policy analysts, diplomats, or pursue higher education. The program is offered through the Faculty of Social Sciences."
What is the scope of BS Mathematics at IUB?,"BS Mathematics at IUB prepares students for careers in education, research, finance, data science, and technology. Graduates can work as statisticians, data analysts, or pursue higher education. The program is offered through the Faculty of Physical and Mathematical Sciences."
What is the scope of BS Software Engineering at IUB?,"BS Software Engineering at IUB prepares students for careers in software development, project management, quality assurance, and systems analysis. Graduates can work in software houses, IT departments, and technology companies."
What is the scope of BS Information Technology at IUB?,"BS Information Technology at IUB prepares students for careers in IT management, network administration, systems analysis, and technology consulting. Graduates can work in IT departments, technology companies, and related industries."
What is the scope of BS Biotechnology at IUB?,"BS Biotechnology at IUB prepares students for careers in research, pharmaceuticals, agriculture, and healthcare. Graduates can work as research scientists, quality control specialists, or pursue higher education."
What is the scope of BS Chemistry at IUB?,"BS Chemistry at IUB prepares students for careers in pharmaceuticals, research, industry, and education. Graduates can work as chemists, researchers, or pursue higher education."
What is the scope of BS Mathematics at IUB?,"BS Mathematics at IUB prepares students for careers in education, research, data science, finance, and technology. Graduates can work as data analysts, teachers, or pursue higher education."
What is the scope of BS Political Science at IUB?,"BS Political Science at IUB prepares students for careers in government, policy-making, international relations, and academia. Graduates can work as policy analysts, diplomats, or pursue higher education."
What is the scope of BS Economics at IUB?,"BS Economics at IUB prepares students for careers in banking, finance, government, research, and academia. Graduates can work as economists, financial analysts, or pursue higher education."
What undergraduate programs does IUB offer?,"IUB offers a wide range of BS programs across its 15 faculties, including Computer Science, Information Technology, Software Engineering, Economics, Commerce, English Language & Linguistics, Applied Psychology, Botany, Physics, Mathematics, Chemistry, Biotechnology, Biochemistry, Zoology, Public Administration, Political Science, Islamic Studies, and many more. For a complete list, visit the official IUB website."
What is the scope of BS Software Engineering at IUB?,"BS Software Engineering at IUB prepares students for careers in software development, systems analysis, project management, and IT consulting. Graduates can work in software houses, IT departments, and technology companies. The program is offered through the Faculty of Computing."
Does IUB offer a BS in Artificial Intelligence?,"Yes, IUB offers a BS in Artificial Intelligence through the Faculty of Computing. The program covers AI fundamentals, machine learning, deep learning, and related technologies. It is one of the advanced programs offered by IUB."
Does IUB offer a BS in Psychology?,"Yes, IUB offers a BS in Psychology through the Faculty of Social Sciences. The program covers various areas of psychology including clinical, educational, and organizational psychology. Contact the Department of Psychology for specific curriculum details."
What is the scope of BS Information Technology at IUB?,"BS Information Technology at IUB prepares students for careers in IT management, network administration, systems analysis, and cybersecurity. Graduates can work in IT departments, technology companies, and related industries. The program is offered through the Faculty of Computing."
What is the scope of BS Economics at IUB?,"BS Economics at IUB prepares students for careers in banking, finance, government, research, and academia. Graduates can work as economists, policy analysts, financial advisors, or pursue higher education. The program is offered through the Faculty of Social Sciences."
What is the scope of BS Biotechnology at IUB?,"BS Biotechnology at IUB prepares students for careers in research, healthcare, agriculture, and pharmaceutical industries. Graduates can work as research scientists, quality control specialists, or pursue higher education. The program is offered through the Faculty of Chemical and Biological Sciences."
What is the scope of BS Chemistry at IUB?,"BS Chemistry at IUB prepares students for careers in research, pharmaceuticals, industry, and education. Graduates can work in chemical industries, research laboratories, or pursue higher education. The program is offered through the Faculty of Chemical and Biological Sciences."
What is the scope of BS Political Science at IUB?,"BS Political Science at IUB prepares students for careers in government, public policy, international relations, law, and academia. Graduates can work as policy analysts, diplomats, or pursue higher education. The program is offered through the Faculty of Social Sciences."
What is the scope of BS Mathematics at IUB?,"BS Mathematics at IUB prepares students for careers in education, research, finance, data science, and technology. Graduates can work as statisticians, data analysts, or pursue higher education. The program is offered through the Faculty of Physical and Mathematical Sciences."
What is the scope of BS Software Engineering at IUB?,"BS Software Engineering at IUB prepares students for careers in software development, project management, quality assurance, and systems analysis. Graduates can work in software houses, IT departments, and technology companies."
What is the scope of BS Information Technology at IUB?,"BS Information Technology at IUB prepares students for careers in IT management, network administration, systems analysis, and technology consulting. Graduates can work in IT departments, technology companies, and related industries."
What is the scope of BS Biotechnology at IUB?,"BS Biotechnology at IUB prepares students for careers in research, pharmaceuticals, agriculture, and healthcare. Graduates can work as research scientists, quality control specialists, or pursue higher education."
What is the scope of BS Chemistry at IUB?,"BS Chemistry at IUB prepares students for careers in pharmaceuticals, research, industry, and education. Graduates can work as chemists, researchers, or pursue higher education."
What is the scope of BS Mathematics at IUB?,"BS Mathematics at IUB prepares students for careers in education, research, data science, finance, and technology. Graduates can work as data analysts, teachers, or pursue higher education."
What is the scope of BS Political Science at IUB?,"BS Political Science at IUB prepares students for careers in government, policy-making, international relations, and academia. Graduates can work as policy analysts, diplomats, or pursue higher education."
What is the scope of BS Economics at IUB?,"BS Economics at IUB prepares students for careers in banking, finance, government, research, and academia. Graduates can work as economists, financial analysts, or pursue higher education."
When does course registration typically start at IUB?,Course registration dates are announced on the student portal and the academic calendar. Registration usually starts a few weeks before the semester begins. Check your student portal and the IUB website for the exact dates for each semester.
How can I get a duplicate roll number slip at IUB?,"If you lose your roll number slip, you can download and print a new copy from the student portal. If you are unable to do so, contact the Examination Division at 062-9250241 for assistance."
What happens if I fail a course at IUB?,"If you fail a course, you will need to repeat it the next time it is offered. The failed grade will be included in your CGPA calculation, but your transcript will show both the failed grade and the repeat grade."
What is academic probation at IUB?,"Academic probation is a warning given to a student whose CGPA falls below the minimum required standard, typically 2.0. You will be on probation for a semester. If you fail to improve your CGPA, further action may be taken."
How can I get a duplicate transcript from IUB?,"To get a duplicate transcript, contact the Examination Division. You will need to submit a formal application and pay a fee. The process will be explained by the Examination Division."
What is a fee challan and how do I get it?,A fee challan is a bank payment form. You can download and print it from your student portal under the fee section. You must take this challan to a designated bank to submit your fee. Keep the receipt as proof of payment.
What is the hostel fee for international students at IUB?,"IUB offers international students a hostel option with a standard menu for $500 and a special menu for $1,000 per semester. Contact the International Students Office for specific details."
How many students appeared for the HEC Need-Based Scholarship interviews at IUB?,As many as 1850 students appeared for the interviews conducted by the Directorate of Financial Assistance for the Higher Education Commission (HEC) Need-Based Scholarship program. This demonstrates IUB's commitment to making quality education accessible to deserving students across South Punjab.
What is the role of the Directorate of Financial Assistance at IUB?,"The Directorate of Financial Assistance (DFA) manages all scholarship programs at IUB, including HEC Need-Based, CM's Honhaar Scholarship, PEEF, and other financial aid initiatives. They conduct interviews, select eligible students, and manage payouts under different scholarships."
What documents are required for the HEC Need-Based Scholarship interview at IUB?,"The documents required include: HEC Application Form, copy of the last Fee Receipt, copy of CNIC, Income Certificate, Rent Agreement (if applicable), Utility Bills, and Death/Disability/Medical Certificate of Parent/Guardian if applicable."
What facilities are available in IUB hostels?,"IUB hostels offer dormitory-style rooms with shared bathrooms, kitchens, and common areas, along with free Wi-Fi, lockers, laundry services, and communal kitchens. Some hostels also provide private rooms, basic meals, and recreational activities. Beautiful study parks are also available adjacent to hostels."
How can faculty members contribute to IUB's global ranking improvement?,"Faculty can contribute by focusing on high-quality research, publications, and teaching. The Quality Enhancement Cell (QEC) organizes training sessions on strategies to elevate IUB's global ranking."
What is the Research Integrity policy at IUB?,"IUB has a Research Integrity policy that requires faculty, staff, and students to adhere to the highest standards of ethics and integrity in research. Research misconduct is defined as fabrication, falsification, plagiarism, or other wrongdoing in proposing, designing, performing, recording, supervising, or reviewing research."
How are houses allotted to faculty and staff at IUB?,House allotment is done through an online system at my.iub.edu.pk under 'My Apps + House Allotment'. Applicants must obtain a fresh Service Certificate from the Registrar's office and upload a clear copy with their online application. Previously submitted applications are not entertained.
What is the Research Integrity policy at IUB?,"IUB has a Research Integrity policy that requires faculty, staff, and students to adhere to the highest standards of ethics and integrity in research. Fabrication, falsification, and plagiarism are defined as research misconduct and are grounds for disciplinary action. The policy is available on the IUB website."
How can I report plagiarism at IUB?,"You can report plagiarism concerns to the Directorate of IT at IUB via email at ddit@iub.edu.pk or plagiarism@iub.edu.pk. IUB follows the HEC Plagiarism Policy, which outlines investigation procedures and proportional punitive actions for offenses."
How many HEC-recognized research journals does IUB publish?,"IUB publishes 23 HEC-accredited research journals, which contributed to the university securing the 2nd position nationwide in HEC Accredited Journals for 2025. These journals are managed under the administrative domain of ORIC."
What are the eligibility criteria for the Postdoctoral Research Fellowship at IUB?,"Candidates must hold a PhD degree from an HEC-recognized university and submit a written research proposal outlining how they intend to satisfy at least two of the specified outcomes, such as producing publications or creating funded research linkages."
What is the purpose of the Research Data Management Policy at IUB?,"The Research Data Management Policy ensures that valuable data are not lost, provides a basis to answer allegations of research misconduct or questions about results, assists in the protection of intellectual property, and assures auditors that robust academic supervision is in place."
What is the process for approving Postdoctoral Fellowship applications at IUB?,"Applications are processed and reviewed by the Research Supervisor and shortlisted candidates are interviewed by a committee headed by the Principal Investigator (PI), the Registrar or his nominee, and one Subject Expert."
What is the significance of the 'National Digital Archive of Research Published in Pakistani Journals' project for IUB researchers?,The project aims to create a national digital archive and improve the visibility and indexing of Pakistani research in international databases like Scopus. ORIC IUB organized a one-day training activity in collaboration with the Pakistan Scientific and Technological Centre on this project.
What is the General Complaint Redressal Committee (GCRC) at IUB?,"The GCRC is a committee established to transform grievance resolution for students and faculty. It receives and addresses complaints and concerns, ensuring expeditious handling of issues in strict accordance with university regulations. It is guided by Prof. Dr. Saeed Ahmad Buzdar, Incharge Faculty of Physical and Mathematical Sciences."
How can I submit a complaint to the GCRC at IUB?,"You can submit your complaint through a user-friendly complaint redressal portal integrated within the MyIUB platform using your login credentials. A dedicated email address has also been established for this purpose. Alternatively, you may submit a hard copy."
Where can I find information about the GCRC members and contact details?,"The GCRC has made its constitution, membership details, and contact information available on the university's official website. Information is also disseminated through official communications, faculty meetings, student orientation programs, and notice boards."
What are the Terms of Reference (TORs) for the GCRC?,The GCRC has been tasked with developing comprehensive Terms of Reference (TORs) that will provide a detailed elucidation of the mandate and scope of the committee. The TORs will encompass the design of both online and offline complaint and appeal forms to ensure clarity and precision in addressing issues.
Can a student submit a complaint on behalf of another student?,"The GCRC policy requires complaints to include the signature and identification details of the complainant. A student may submit a complaint on behalf of another student, but they should include their own identification details and the details of the student they are representing. All complaints are subject to the GCRC's non-anonymity policy."
How can I report a harassment complaint at IUB?,"Students can report harassment complaints by contacting the Anti-Harassment Committee or the Center for Anti-Harassment and Discrimination. The phone numbers are clearly displayed at prominent places in all campuses, and all information is available on the university website. Awareness seminars are also organized regarding the anti-harassment policy and complaint procedure."
What is the IUB Anti-Harassment Center and who heads it?,The IUB Anti-Harassment and Discrimination Center is a dedicated facility established to handle harassment complaints. It is headed by a senior female teacher of the university. The center operates under the university's zero-tolerance policy on harassment and follows HEC guidelines for investigating complaints.
How is the anti-harassment policy implemented across different IUB campuses?,"The anti-harassment policy is implemented uniformly across all IUB campuses. A general notice for 'Strict Observance, Enforcement, Binding & For Compliance / Implementation of Anti-Harassment Act & Policy at IUB' was issued. The phone numbers of the anti-harassment committee are displayed at prominent places on all campuses."
How can I report a security concern at IUB?,"If you have a security concern, report it immediately to the hostel warden or the university security office. You can also register a formal complaint with the Directorate of Students Affairs. Security staff provides day and night services at all campuses."
Can I appeal a GCRC decision?,"The GCRC is developing comprehensive Terms of Reference (TORs) that will design both online and offline appeal forms. Once finalized, there will be a clear and precise appeal process for GCRC decisions."
Where is the IT Help Desk located at IUB?,"The IUB IT Help Desk is located on campus. For IT-related issues, you can contact the Directorate of Information Technology at 062-9255858 or 062-9255062. The IT support desk is located in the basement of the Science Faculty building at the Abbasia Campus for on-campus support."
Why is my quiz not opening on IUB-LMS?,"If your quiz is not opening, check your internet connection and browser compatibility. Ensure you are using a supported browser and have the latest updates. If the problem persists, contact your instructor or the LMS support team."
Some course content is missing on my IUB-LMS. What should I do?,"If course content is missing on IUB-LMS, first check with your instructor to confirm if the content has been uploaded. Refresh the page or try a different browser. If the issue continues, report it to the LMS support team."
What is the IUB Helpline Center contact number?,"The IUB Helpline Center can be contacted at 0346-9255555, 0347-9255555, or 062-9255580. The center assists with general university-related inquiries, including IT support and portal issues."
What is the attendance policy at IUB?,The university requires a minimum attendance percentage (usually 80%) for students to be eligible for the final exam. This policy is strictly enforced by the faculty. Check your course syllabus for the specific requirements for each course.
What is academic probation at IUB?,"Academic probation is a warning given to a student whose CGPA falls below the minimum required standard, typically 2.0. You will be on probation for a semester. If you fail to improve your CGPA, further action may be taken, including dismissal from the program."
What happens if I fail a course at IUB?,"If you fail a course, you will need to repeat it the next time it is offered. The failed grade will be included in your CGPA calculation, but your transcript will show both the failed grade and the repeat grade. You can only repeat a course once."
How can I check my graduation eligibility at IUB?,You can check your graduation eligibility by reviewing your academic record in the student portal. Your advisor can also help you track your progress towards completing the degree requirements. Contact the Registrar's Office for graduation application details.
How can I check my graduation eligibility at IUB?,You can check your graduation eligibility by reviewing your academic record in the student portal. Your advisor can also help you track your progress towards completing the degree requirements. A degree audit is available through the student portal.
What is the hostel fee for international students at IUB?,"IUB offers international students a hostel option with a standard menu for $500 and a special menu for $1,000 per semester. Contact the International Students Office for specific hostel fee details and availability."
What student societies are available at IUB?,"IUB has various student societies including academic societies, cultural societies, sports clubs, and special interest groups. The IUB Character Building Society and the Bazm-e-Iqbal Society are some of the active societies. Contact the Directorate of Students Affairs for a complete list of active societies."
How can I participate in sports at IUB?,"To participate in sports, approach the sports department or the relevant sports club at IUB. There are try-outs for university teams, and students can participate in various events throughout the year. The Directorate of Sports was established in 1976 to provide opportunities and facilities in Physical Education and Sports."
Does IUB have a sports department?,"Yes, IUB has a dedicated sports department that manages facilities and organizes inter-university and intra-university events. The Directorate of Sports was established in 1976 to provide opportunities and facilities in Physical Education and Sports for both male and female students."
What is the Women Empowerment Summit at IUB?,"The Women Empowerment Summit was organized by the IUB Character Building Society and the Directorate of Students Affairs at the Rahim Yar Khan Campus. The event included the NISA Award Ceremony, celebrating women's achievements and contributions to society."
How can I report a security concern at IUB?,"If you have a security concern, report it immediately to the hostel warden or the university security office. You can also register a formal complaint with the Directorate of Students Affairs. Security staff is available 24/7 at all campuses."
Where is the IUB Information Center located?,"The IUB Information Center is located in the basement of Sir Sadiq Muhammad Khan Library, Baghdad-ul-Jadeed Campus. It operates under the Directorate of Communication and Public Relations and provides general university information."
How many faculty members does IUB have?,"Currently, around 1800 teachers, including 550 PhDs, are serving at IUB. The Faculty of Chemical & Biological Sciences alone has 260 highly qualified faculty members."
Who is the current Vice Chancellor of IUB?,"Prof. Dr. Muhammad Kamran is the current Vice Chancellor of IUB. He assumed charge as regular Vice Chancellor on May 7, 2025. He holds a PhD in Computer Engineering from Beijing Institute of Technology, China."
Who is the Controller of Examinations at IUB?,The Controller of Examinations at IUB is Talib Hussain. The Examination Division can be contacted at 062-9250241 or via email at controller@iub.edu.pk for matters related to exams and transcripts.
What student societies are available at IUB?,"IUB has various student societies including the IUB Character Building Society, Bazm-e-Iqbal Society, Law Students Club, and academic societies for different departments. You can contact the Directorate of Students Affairs or visit the IUB website for a complete list of active societies and their contact information."
How can I participate in sports at IUB?,"To participate in sports, approach the sports department or the relevant sports club at IUB. There are try-outs for university teams, and students can participate in various events throughout the year. The Directorate of Sports organizes training camps and provides coaching facilities."
Where is the Khawaja Fareed Campus located?,The Khawaja Fareed Campus is located near Abbasia High School on Railway Road in Bahawalpur. It is a prime educational area and currently houses the Faculty of Pharmacy and the Faculty of Medicine and Allied Health Sciences.
What is the attendance policy at IUB?,The university requires a minimum attendance percentage (usually 80%) for students to be eligible for the final exam. This policy is strictly enforced. Parents can ask their child to share their attendance records through the student portal or IUB-LMS.
How can I get a duplicate degree certificate from IUB?,"Alumni can request a duplicate degree certificate from the Registrar's Office. You will need to submit a formal application, pay a fee, and provide a notification in a national newspaper regarding the lost certificate. Contact the Registrar's Office at 062-9250235 for the specific procedure."
How can I get a duplicate transcript from IUB?,Alumni can request a duplicate transcript from the Examination Division. You will need to submit a formal application and pay a fee. Contact the Examination Division at 062-9250241 or controller@iub.edu.pk for the specific procedure and fee amount.
Who is the current Vice Chancellor of IUB?,"Prof. Dr. Muhammad Kamran is the current Vice Chancellor of IUB. He assumed charge as regular Vice Chancellor on May 7, 2025. He holds a PhD in Computer Engineering from Beijing Institute of Technology, China. He previously served as Vice Chancellor of Muhammad Nawaz Sharif University of Engineering and Technology, Multan."
Who is the Controller of Examinations at IUB?,Talib Hussain has been appointed as the Regular Controller of Examinations at IUB. He received his appointment letter from Vice Chancellor Prof. Dr. Muhammad Kamran. The Examination Division can be contacted at 062-9250241 or controller@iub.edu.pk.
Who is the Dean of the Faculty of Arts and Languages at IUB?,Prof. Dr. Syed Amir Sohail is the Dean of the Faculty of Arts and Languages at IUB.
Who is the Dean of the Faculty of Chemical and Biological Sciences at IUB?,Prof. Dr. Muhammad Saleem is the Dean of the Faculty of Chemical and Biological Sciences at IUB.
Who is the Dean of the Faculty of Computing at IUB?,Prof. Dr. Dost Muhammad Khan is the Dean of the Faculty of Computing at IUB.
Who is the Dean of the Faculty of Engineering and Technology at IUB?,Prof. Dr. Muhammad Amjad is the Dean of the Faculty of Engineering and Technology at IUB.
Who is the Dean of the Faculty of Management Sciences and Commerce at IUB?,Prof. Dr. Jawad Iqbal is the Dean of the Faculty of Management Sciences and Commerce at IUB.
Who is the Dean of the Faculty of Medicine and Allied Health Sciences at IUB?,Prof. Dr. Qaiser Jabeen is the Dean of the Faculty of Medicine and Allied Health Sciences at IUB.
Who is the Dean of the Faculty of Pharmacy at IUB?,Prof. Dr. Qaiser Jabeen is the Dean of the Faculty of Pharmacy at IUB.
Who is the Dean of the Faculty of Physical and Mathematical Sciences at IUB?,Prof. Dr. Ghulam Mustafa is the Dean of the Faculty of Physical and Mathematical Sciences at IUB.
Who is the Dean of the Faculty of Social Sciences at IUB?,Prof. Dr. Rubina Bhatti is the Dean of the Faculty of Social Sciences at IUB.
Who is the Dean of the Faculty of Veterinary and Animal Sciences at IUB?,Prof. Dr. Muhammad Khalid Mansoor is the Dean of the Faculty of Veterinary and Animal Sciences at IUB.
Who is the Chairperson of the Department of Artificial Intelligence at IUB?,Prof. Dr. Najia Sahar is the Chairperson of the Department of Artificial Intelligence at IUB.
Who is the Chairperson of the Department of Computer Science at IUB?,Prof. Dr. Imran Sarwar Bajwa is the Chairperson of the Department of Computer Science at IUB.
Who is the Chairperson of the Department of Software Engineering at IUB?,Dr. Malik Muhammad Saad Missen is the Chairperson of the Department of Software Engineering at IUB.
Who is the Chairperson of the Department of Pakistan Studies at IUB?,Dr. Robina Yasmin is the Chairperson of the Department of Pakistan Studies at IUB.
Where is the Khawaja Fareed Campus located?,The Khawaja Fareed Campus is located near Abbasia High School on Railway Road in Bahawalpur. It houses the Faculty of Pharmacy and the Faculty of Medicine and Allied Health Sciences.
Who is the Chairperson of the Department of Computer Science at IUB?,Prof. Dr. Imran Sarwar Bajwa is the Chairperson of the Department of Computer Science at IUB. He leads the department in academic and research activities.
Who is the Chairperson of the Department of Software Engineering at IUB?,Dr. Malik Muhammad Saad Missen is the Chairperson of the Department of Software Engineering at IUB. He oversees the software engineering programs and faculty.
Who is the Chairperson of the Department of Artificial Intelligence at IUB?,Prof. Dr. Najia Sahar is the Chairperson of the Department of Artificial Intelligence at IUB. She leads the AI department which offers specialized programs in artificial intelligence.
How many faculty members does IUB have?,"Currently, around 2,000 faculty members, including 600+ PhDs, are serving at IUB."
What is Civil Engineering?,"Civil Engineering deals with the design, construction, and maintenance of the built environment, including roads, bridges, dams, buildings, and water supply systems. It is one of the oldest and broadest engineering disciplines."
What is Mechanical Engineering?,"Mechanical Engineering involves the design, analysis, manufacturing, and maintenance of mechanical systems. It covers areas like thermodynamics, robotics, automotive systems, HVAC, and materials science."
What is Electrical Engineering?,"Electrical Engineering focuses on the study and application of electricity, electronics, and electromagnetism. It includes power generation, transmission, control systems, telecommunications, and electronic circuit design."
What is Chemical Engineering?,"Chemical Engineering applies physical sciences (chemistry, physics, and biology) and mathematics to convert raw materials into useful products, such as fuels, pharmaceuticals, plastics, and food. It involves process design, thermodynamics, and reaction engineering."
What is Computer Engineering?,"Computer Engineering integrates computer science and electrical engineering to design and develop computer hardware, software, networks, and embedded systems. It covers microprocessors, operating systems, and computer architecture."
What is Aerospace Engineering?,"Aerospace Engineering deals with the design, development, testing, and production of aircraft, spacecraft, and related systems. It has two main branches: Aeronautical Engineering (aircraft) and Astronautical Engineering (spacecraft)."
What is Biomedical Engineering?,"Biomedical Engineering applies engineering principles to medicine and biology for healthcare purposes. It includes medical device design, prosthetics, imaging systems (MRI, CT scans), and tissue engineering."
What is Environmental Engineering?,"Environmental Engineering focuses on protecting the environment by managing waste, controlling pollution, and improving water and air quality. It involves sustainable design, resource management, and environmental impact assessment."
What is Industrial Engineering?,"Industrial Engineering optimizes complex processes, systems, and organizations by reducing waste and improving efficiency. It covers supply chain management, operations research, quality control, and human factors engineering."
What is Petroleum Engineering?,"Petroleum Engineering deals with the exploration, extraction, and production of oil and natural gas. It includes reservoir engineering, drilling, well completions, and production optimization."
What is Mechatronics Engineering?,"Mechatronics Engineering is a multidisciplinary field that integrates mechanical, electronic, computer, and control engineering to design intelligent systems and products, such as robotics, automated manufacturing, and automotive electronics."
What is Telecommunications Engineering?,"Telecommunications Engineering focuses on the design and management of communication systems, including wired and wireless networks, satellite communications, signal processing, and data transmission protocols."
What is Materials Engineering?,"Materials Engineering studies the properties, processing, and applications of materials (metals, ceramics, polymers, composites, and nanomaterials). It involves material selection, failure analysis, and development of new materials."
What is Nuclear Engineering?,"Nuclear Engineering deals with the application of nuclear energy and radiation. It covers nuclear power plant design, radiation protection, nuclear fuel cycles, and medical applications such as cancer therapy."
What is Mining Engineering?,"Mining Engineering involves the exploration, extraction, and processing of minerals from the earth. It includes mine design, rock mechanics, mineral processing, safety, and environmental management."
What is Agricultural Engineering?,"Agricultural Engineering applies engineering principles to farming and food production. It covers farm machinery, irrigation systems, soil conservation, post-harvest processing, and renewable energy applications in agriculture."
What is Transportation Engineering?,"Transportation Engineering is a branch of Civil Engineering that focuses on the planning, design, operation, and maintenance of transportation systems, including highways, railways, airports, and urban transit networks."
What is Robotics Engineering?,"Robotics Engineering deals with the design, construction, programming, and operation of robots. It combines mechanical, electrical, and software engineering to create autonomous or semi-autonomous machines for industrial, medical, and service applications."
How can I choose the right engineering field?,"To choose the right field, consider your interests in math and science, the type of problems you enjoy solving (e.g., structures, circuits, software, or chemical processes), job market demand, and your long-term career goals. Research each field and consult faculty or professionals in the industry."
What are the career prospects for engineers?,"Engineers have excellent career prospects across diverse sectors, including construction, manufacturing, technology, energy, healthcare, and aerospace. Many engineers work in design, research, consulting, project management, and senior leadership roles. Demand varies by specialization, with Computer, Software, and Environmental Engineering currently seeing high growth."
Which engineering field has the highest salary?,"Generally, Petroleum Engineering, Computer Engineering, Software Engineering, and Chemical Engineering tend to offer the highest starting salaries. However, salaries vary widely by country, industry, experience level, and company size."
Can I switch between engineering fields after graduation?,"Yes, many engineers switch fields through further education (e.g., a master's degree in a new specialization), professional certifications, or on-the-job training. Core skills in math, problem-solving, and systems thinking are transferable across most engineering disciplines."
What is the role of an engineering regulatory body?,"In most countries, a regulatory body (e.g., PEC in Pakistan, ABET in the US, or the Engineering Council in the UK) sets standards for engineering education, accredits programs, registers professional engineers, and enforces ethical codes of practice."
How do I become a registered professional engineer?,"Typically, you need to complete an accredited engineering degree, gain relevant work experience (usually 3–5 years), and pass a professional practice examination. The exact requirements vary by country. Contact your local engineering regulatory body for specific details."
What is Civil Engineering?,"Civil Engineering deals with the design, construction, and maintenance of the built environment, including roads, bridges, dams, buildings, airports, and water supply systems. It is one of the oldest and broadest engineering disciplines."
What is Mechanical Engineering?,"Mechanical Engineering involves the design, analysis, manufacturing, and maintenance of mechanical systems. It covers areas like thermodynamics, fluid mechanics, robotics, automotive systems, HVAC, and materials science."
What is Electrical Engineering?,"Electrical Engineering focuses on the study and application of electricity, electronics, and electromagnetism. It includes power generation and transmission, control systems, telecommunications, electronic circuit design, and renewable energy systems."
What is Chemical Engineering?,"Chemical Engineering applies physical sciences (chemistry, physics, and biology) and mathematics to convert raw materials into useful products. It covers process design, thermodynamics, reaction engineering, and industries like pharmaceuticals, plastics, fuels, and food processing."
What is Computer Engineering?,"Computer Engineering integrates computer science and electrical engineering to design and develop computer hardware, software, networks, and embedded systems. It covers microprocessors, computer architecture, operating systems, and digital logic design."
What is Aerospace Engineering?,"Aerospace Engineering deals with the design, development, testing, and production of aircraft, spacecraft, and related systems. It has two main branches: Aeronautical Engineering (aircraft) and Astronautical Engineering (spacecraft and missiles)."
What is Biomedical Engineering?,"Biomedical Engineering applies engineering principles to medicine and biology for healthcare purposes. It includes medical device design, prosthetics, artificial organs, imaging systems like MRI and CT scans, tissue engineering, and biomechanics."
What is Environmental Engineering?,"Environmental Engineering focuses on protecting the environment by managing waste, controlling pollution, and improving water and air quality. It involves sustainable design, water treatment, waste management, and environmental impact assessment."
What is Industrial Engineering?,"Industrial Engineering optimizes complex processes, systems, and organizations by reducing waste and improving efficiency. It covers supply chain management, operations research, quality control, human factors engineering, and production planning."
What is Petroleum Engineering?,"Petroleum Engineering deals with the exploration, extraction, and production of oil and natural gas. It includes reservoir engineering, drilling, well completions, production optimization, and enhanced recovery techniques."
What is Mechatronics Engineering?,"Mechatronics Engineering is a multidisciplinary field that integrates mechanical, electronic, computer, and control engineering to design intelligent systems and products, such as robotics, automated manufacturing, automotive electronics, and smart devices."
What is Telecommunications Engineering?,"Telecommunications Engineering focuses on the design and management of communication systems, including wired and wireless networks, satellite communications, signal processing, optical fiber systems, and data transmission protocols."
What is Materials Engineering?,"Materials Engineering studies the properties, processing, and applications of materials such as metals, ceramics, polymers, composites, and nanomaterials. It involves material selection, failure analysis, and the development of new materials for advanced applications."
What is Nuclear Engineering?,"Nuclear Engineering deals with the application of nuclear energy and radiation. It covers nuclear power plant design, radiation protection, nuclear fuel cycles, reactor physics, and medical applications such as cancer therapy and imaging."
What is Mining Engineering?,"Mining Engineering involves the exploration, extraction, and processing of minerals from the earth. It includes mine design, rock mechanics, mineral processing, safety, environmental management, and resource estimation."
What is Agricultural Engineering?,"Agricultural Engineering applies engineering principles to farming and food production. It covers farm machinery, irrigation systems, soil conservation, post-harvest processing, greenhouse design, and renewable energy applications in agriculture."
What is Transportation Engineering?,"Transportation Engineering is a branch of Civil Engineering that focuses on the planning, design, operation, and maintenance of transportation systems, including highways, railways, airports, urban transit networks, and ports."
What is Robotics Engineering?,"Robotics Engineering deals with the design, construction, programming, and operation of robots. It combines mechanical, electrical, and software engineering to create autonomous or semi-autonomous machines for industrial, medical, service, and military applications."
How can I choose the right engineering field?,"To choose the right field, consider your interests in math and science, the type of problems you enjoy solving (structures, circuits, software, or chemical processes), job market demand, salary potential, and your long-term career goals. Research each field, speak with professionals, and consult faculty or career advisors."
What are the career prospects for engineers?,"Engineers have excellent career prospects across diverse sectors including construction, manufacturing, technology, energy, healthcare, and aerospace. Many engineers work in design, research, consulting, project management, and senior leadership roles. Demand varies by specialization, with Computer, Software, Environmental, and Biomedical Engineering currently seeing high growth."
Which engineering field has the highest salary?,"Generally, Petroleum Engineering, Computer Engineering, Software Engineering, Chemical Engineering, and Aerospace Engineering tend to offer the highest starting salaries. However, salaries vary widely by country, industry, experience level, employer, and economic conditions."
Can I switch between engineering fields after graduation?,"Yes, many engineers switch fields through further education such as a master's degree in a new specialization, professional certifications, or on-the-job training. Core skills in mathematics, problem-solving, and systems thinking are transferable across most engineering disciplines."
What is the role of an engineering regulatory body?,"In most countries, a regulatory body such as PEC in Pakistan, ABET in the United States, or the Engineering Council in the UK sets standards for engineering education, accredits programs, registers professional engineers, and enforces ethical codes of practice to protect public safety."
How do I become a registered professional engineer?,"Typically, you need to complete an accredited engineering degree, gain relevant work experience usually lasting 3 to 5 years, and pass a professional practice examination. The exact requirements vary by country. Contact your local engineering regulatory body for specific details."
What is Law?,"Law is a system of rules, regulations, and principles that are created and enforced through social or governmental institutions to regulate behavior. It ensures justice, order, and fairness in society. Law covers a wide range of fields including criminal, civil, constitutional, corporate, and international law."
What is Criminal Law?,"Criminal Law deals with conduct that is considered offensive to society as a whole. It involves prosecution by the state of individuals or organizations accused of committing crimes. Criminal offenses range from minor misdemeanors to serious felonies, and punishments may include fines, imprisonment, or community service."
What is Constitutional Law?,"Constitutional Law governs the interpretation and implementation of a country's constitution. It defines the structure of government, the distribution of powers among branches of government, and the fundamental rights of citizens. Constitutional lawyers often handle cases involving fundamental rights, government powers, and judicial review."
What is International Law?,"International Law governs the legal relationships between sovereign nations and international organizations. It covers treaties, trade agreements, human rights law, humanitarian law, and the laws of war. International law can be public (between states) or private (between individuals or entities across borders)."
What are the career opportunities in law?,"Career opportunities in law include practicing as an advocate or attorney, serving as a judge, working in corporate legal departments, government agencies, international organizations, non-profits, and academia. Other roles include legal consultants, legal aid workers, mediators, arbitrators, and legal researchers."
What departments are part of the Faculty of Science at IUB?,"The Faculty of Science includes the Institute of Physics, Institute of Biochemistry and Biotechnology, Department of Chemistry, Department of Botany, Department of Zoology, Department of Mathematics, Department of Statistics, Department of Geography, and Department of Bioinformatics."
What programs are offered by the Department of Botany?,The Department of Botany offers BS programs in Botany. It was listed among the departments offering admissions in recent admission campaigns.
What programs are offered by the Department of Zoology?,The Department of Zoology offers BS programs in Zoology. It was listed among the departments offering admissions in recent admission campaigns.
What programs are offered by the Department of Mathematics?,The Department of Mathematics offers BS and Master's programs in Mathematics. It was listed among the departments offering admissions in recent admission campaigns.
What programs are offered by the Department of Statistics?,The Department of Statistics offers BS and Master's programs in Statistics. It was listed among the departments offering admissions in recent admission campaigns.
What programs are offered by the Department of Geography?,The Department of Geography offers BS and Master's programs in Geography. It was listed among the departments offering admissions in recent admission campaigns.
Who is the Dean of the Faculty of Computing at IUB?,Prof. Dr. Dost Muhammad Khan is the Dean of the Faculty of Computing at The Islamia University of Bahawalpur.
Who is the Chairperson of the Department of Computer Science at IUB?,Dr. Humaira Arshad (also spelled Humeera Arshad) is the Chairperson of the Department of Computer Science at The Islamia University of Bahawalpur.
Who is the Chairperson of the Department of Artificial Intelligence at IUB?,Prof. Dr. Najia Sehar is the Chairperson of the Department of Artificial Intelligence at The Islamia University of Bahawalpur.
Who is the Dean of the Faculty of Computing at IUB?,Prof. Dr. Dost Muhammad Khan is the Dean of the Faculty of Computing at The Islamia University of Bahawalpur.
Who is the Chairperson of the Department of Artificial Intelligence at IUB?,Prof. Dr. Najia Sahar is the Chairperson of the Department of Artificial Intelligence at The Islamia University of Bahawalpur.
Who is the Dean of the Faculty of Engineering and Technology at IUB?,Prof. Dr. Muhammad Amjad is the Dean of the Faculty of Engineering and Technology at The Islamia University of Bahawalpur.
Who is the Dean of the Faculty of Physical and Mathematical Sciences at IUB?,Prof. Dr. Saeed Ahmad Buzdar is the Dean of the Faculty of Physical and Mathematical Sciences at The Islamia University of Bahawalpur. He also serves as the Director of the Institute of Physics.
Who is the Dean of the Faculty of Chemical and Biological Sciences at IUB?,"The Dean position is currently held by Prof. Dr. Shazia Anjum, who serves as Dean of the Faculty of Science, which includes Chemical and Biological Sciences."
Who is the Dean of the Faculty of Social Sciences at IUB?,Prof. Dr. Rubina Bhatti is the Dean of the Faculty of Social Sciences at The Islamia University of Bahawalpur.
Who is the Dean of the Faculty of Pharmacy at IUB?,Prof. Dr. Qaiser Jabeen is the Dean of the Faculty of Pharmacy at The Islamia University of Bahawalpur.
What departments are part of the Faculty of Science at IUB?,"The Faculty of Science includes the Institute of Physics, Department of Chemistry, Department of Botany, Department of Zoology, Department of Mathematics, Department of Statistics, Department of Geography, and Department of Bioinformatics."
What programs are offered by the Department of Botany?,"The Department of Botany offers BS programs in Botany. Research areas include plant taxonomy, plant physiology, ecology, and plant pathology."
What programs are offered by the Department of Zoology?,"The Department of Zoology offers BS programs in Zoology. Research areas include animal physiology, ecology, entomology, and wildlife conservation."
What programs are offered by the Department of Mathematics?,"The Department of Mathematics offers BS and Master's programs in Mathematics. Research areas include pure mathematics, applied mathematics, and mathematical modeling."
What programs are offered by the Department of Statistics?,"The Department of Statistics offers BS and Master's programs in Statistics. Research areas include statistical modeling, data analysis, and probability theory."
What programs are offered by the Department of Geography?,"The Department of Geography offers BS and Master's programs in Geography. Research areas include physical geography, human geography, and geographic information systems (GIS)."
Who is the Dean of the Faculty of Computing at IUB?,Prof. Dr. Dost Muhammad Khan is the Dean of the Faculty of Computing at The Islamia University of Bahawalpur. He also serves as the In-charge of the Faculty of Computing and Chairman of the Department of Information Technology.
Who is the Chairperson of the Department of Computer Science at IUB?,Dr. Humaira Arshad is the Chairperson of the Department of Computer Science at The Islamia University of Bahawalpur.
Who is the Chairperson of the Department of Software Engineering at IUB?,Dr. Nadeem Akhtar is the Chairperson and Associate Professor in the Department of Software Engineering at The Islamia University of Bahawalpur.
Who is the Chairperson of the Department of Artificial Intelligence at IUB?,Prof. Dr. Najia Sahar is the Chairperson of the Department of Artificial Intelligence at The Islamia University of Bahawalpur.
Who are the key faculty members in the Department of Urdu?,"Key faculty members include Prof. Dr. Amir Sohail (Chairman, Department of Urdu), Prof. Dr. Robina Rafique (Chairperson), Dr. Muhammad Asghar Sial (Assistant Professor and Head of Department at Bahawalnagar Campus), and Dr. Israr Ahmed (Lecturer at Bahawalnagar Campus)."
What is the academic background of Dr. Muhammad Asghar Sial?,"Dr. Muhammad Asghar Sial is a seasoned academic with more than 22 years of experience in education, mentorship, and scholarly leadership. He holds an M.Phil in Urdu and Iqbaliat as well as an LLB from BZU Multan, reflecting his multidisciplinary academic background. His academic journey culminated in a Ph.D. from the University of Karachi, and he completed his Post-Doctoral Research in August 2024 from The Islamia University of Bahawalpur."
What is the Faculty of Arts and Languages at IUB?,"The Faculty of Arts and Languages includes BS English Literature, BS English Language, BS History, BS Archeology, BS Pakistan Studies, BS Persian, BS Seraiki, and BS Urdu and Iqbaliat. The College of Art and Design offers programs in Painting, Graphic Arts, Sculpture, Graphic Design, and Textile Design."
What is the Faculty of Arts and Languages at IUB?,"The Faculty of Arts and Languages includes the Department of English Literature, Department of English Language and Linguistics, Department of History, Department of Archeology, Department of Pakistan Studies, Department of Persian, Department of Seraiki, Department of Urdu and Iqbaliat, and the College of Art and Design."
Who are the key faculty members in the Department of Urdu?,"Key faculty members include Prof. Dr. Syed Amir Sohail (Chairman), Prof. Dr. Robina Rafique (Chairperson), Dr. Muhammad Asghar Sial (Assistant Professor and Head of Department at Bahawalnagar Campus), Dr. Israr Ahmed (Lecturer at Bahawalnagar Campus), Syed Fakhar Imam Shah (Lecturer at Bahawalnagar Campus), Dr. Qamar Abbas (Lecturer), Dr. Mazhar Abbas (Assistant Professor), and Mr. Zeeshan Tabbasum (Assistant Professor)."
What is the academic background of Dr. Muhammad Asghar Sial?,"Dr. Muhammad Asghar Sial is an experienced academic with more than 22 years of experience in education. He holds an M.Phil in Urdu and Iqbaliat as well as an LLB from BZU Multan. His academic journey culminated in a Ph.D. from the University of Karachi, and he completed his Post-Doctoral Research in August 2024 from IUB."
What is the Faculty of Arts and Languages at IUB?,"The Faculty of Arts and Languages includes BS English Literature, BS English Language, BS History, BS Archeology, BS Pakistan Studies, BS Persian, BS Seraiki, and BS Urdu and Iqbaliat. The College of Art and Design offers programs in Painting, Graphic Arts, Sculpture, Graphic Design, and Textile Design."
What is the Faculty of Arts and Languages at IUB?,"The Faculty of Arts and Languages at The Islamia University of Bahawalpur includes the Department of English, Department of Urdu and Iqbaliat, and other departments such as History, Archeology, Pakistan Studies, Persian, and Seraiki. The College of Art and Design also falls under this faculty."
Who is the Dean of the Faculty of Arts and Languages at IUB?,Prof. Dr. Syed Amir Sohail is the Dean of the Faculty of Arts and Languages at The Islamia University of Bahawalpur.
What is the Faculty of Arts and Languages at IUB?,"The Faculty of Arts and Languages at The Islamia University of Bahawalpur includes the Department of English Literature, Department of English Language and Linguistics, Department of History, Department of Archaeology, Department of Pakistan Studies, Department of Persian, Department of Seraiki, Department of Urdu and Iqbaliat, and the College of Art and Design."
Who is the Dean of the Faculty of Arts and Languages at IUB?,Prof. Dr. Syed Amir Sohail is the Dean of the Faculty of Arts and Languages at The Islamia University of Bahawalpur.
Who is the Chairperson of the Department of Pakistan Studies at IUB?,"The Department of Pakistan Studies has had Prof. Dr. Aftab Hussain Gillani serve as former Chairman. For the current Chairperson, please contact the Faculty of Arts and Languages office directly."
What is Law?,"Law is a system of rules, regulations, and principles established by a society or government to govern behavior, maintain order, resolve disputes, and protect rights. It encompasses various branches including criminal law, civil law, constitutional law, international law, corporate law, and human rights law."
What are the career opportunities in law?,"Career opportunities in law are diverse and rewarding. Graduates can work as lawyers, judges, legal advisors, corporate counsels, prosecutors, public defenders, legal researchers, law professors, policy analysts, human rights advocates, arbitrators, mediators, and legislative drafters. Law graduates also find careers in government agencies, international organizations, NGOs, banking, finance, journalism, and politics. Many also pursue further studies in public administration, international relations, or business."
What is Constitutional Law?,"Constitutional Law is the branch of law that deals with the interpretation, implementation, and application of a country's constitution. It defines the structure of government, distributes powers among different branches (executive, legislative, judicial), establishes fundamental rights and freedoms, and sets limits on state authority. Constitutional lawyers work on cases involving constitutional amendments, separation of powers, federalism, and civil liberties. This field is central to protecting democracy and the rule of law."
What is Criminal Law?,"Criminal Law is the body of law that defines offenses against society and prescribes punishments for those offenses. It covers crimes such as theft, assault, murder, fraud, and drug offenses. Criminal law establishes procedures for investigation, prosecution, defense, and sentencing. It protects public safety and order, and ensures that individuals accused of crimes receive fair trials and due process. Criminal lawyers work as prosecutors, defense attorneys, or judges within the criminal justice system."
What is International Law?,"International Law is a set of rules, treaties, and customs that govern relations between sovereign states and international organizations. It includes public international law (state sovereignty, war, human rights, treaties) and private international law (cross-border disputes, trade, business). International law addresses global issues such as peace and security, environmental protection, refugee rights, and international trade. It is enforced through international courts, tribunals, and diplomatic negotiations. International lawyers work with governments, the United Nations, the World Trade Organization, and non-governmental organizations."
Who is the Dean of the Faculty of Law?,"Prof. Dr. Rao Imran Habib is the Dean of the Faculty of Law at Abassia Campus, Islamia University of Bahawalpur. He presides over major academic events and briefs delegations on the faculty's activities and developments."
Who is the Incharge of the Department of Human Nutrition and Dietetics?,"Prof. Dr. Muhammad Akhtar serves as the Incharge of the Department of Human Nutrition and Dietetics at Khawaja Fareed Campus, Islamia University of Bahawalpur. He is a Professor of Pharmaceutics."
Who is the Head of the Department of Pharmacology?,"The Department of Pharmacology at Khawaja Fareed Campus, Islamia University of Bahawalpur, functions under the Faculty of Pharmacy and has organized various academic events including exhibitions and PhD defenses."
Who is the Head of the Department of Pharmaceutical Chemistry?,"The Department of Pharmaceutical Chemistry at Khawaja Fareed Campus, Islamia University of Bahawalpur, is part of the Faculty of Pharmacy and has faculty members including Abida Ejaz and Mohammad Kashif Mahmood."
Who is the Head of the Department of Pharmacognosy?,"The Department of Pharmacognosy at Khawaja Fareed Campus, Islamia University of Bahawalpur, is one of the four disciplines within the Department of Pharmacy under the Faculty of Pharmacy."
Who is the Head of the Department of Pharmacy Practice?,"The Department of Pharmacy Practice at Khawaja Fareed Campus, Islamia University of Bahawalpur, is one of the departments listed under the Faculty of Pharmacy."
Who is the Incharge of the Department of Medical Laboratory Technology?,"Dr. Quratul Ain serves as the Incharge of the Department of Medical Laboratory Technology at Khawaja Fareed Campus, Islamia University of Bahawalpur."
Who is the Incharge of the Department of Human Nutrition and Dietetics?,"Ms. Maryam Iftikhar serves as the Incharge of the Department of Human Nutrition and Dietetics at Khawaja Fareed Campus, Islamia University of Bahawalpur."
Who is the Incharge of the Department of Forensic Science?,"Dr. Qadir ul Hassan serves as the Incharge of the Department of Forensic Science at Khawaja Fareed Campus, Islamia University of Bahawalpur."
Who is the Incharge of the Department of Physical Therapy?,"Dr. Ayesha Basheer serves as the Incharge of the Department of Physical Therapy at Khawaja Fareed Campus, Islamia University of Bahawalpur."
Who is the Head of the Department of Pharmacology?,"The Department of Pharmacology at Khawaja Fareed Campus, Islamia University of Bahawalpur, functions under the Faculty of Pharmacy and offers MPhil and PhD programs in Pharmacology."
Who is the Head of the Department of Pharmaceutical Chemistry?,"The Department of Pharmaceutical Chemistry at Khawaja Fareed Campus, Islamia University of Bahawalpur, is part of the Faculty of Pharmacy."
Who is the Head of the Department of Pharmacognosy?,"The Department of Pharmacognosy at Khawaja Fareed Campus, Islamia University of Bahawalpur, is one of the departments within the Faculty of Pharmacy."
Who is the Head of the Department of Pharmacy Practice?,"The Department of Pharmacy Practice at Khawaja Fareed Campus, Islamia University of Bahawalpur, is one of the departments under the Faculty of Pharmacy offering MPhil and PhD programs."
Who is the Head of the Department of Commerce?,"The Department of Commerce operates under the Institute of Business Management and Administrative Sciences at Baghdad-ul-Jadeed Campus, Islamia University of Bahawalpur."
Who is the Chairman of the Department of Entrepreneurship and Innovation?,"Dr. Hassan Danial Aslam serves as the Associate Professor and Chairman of the Department of Entrepreneurship and Innovation at the Institute of Business, Management and Administrative Sciences (IBMAS), Baghdad-ul-Jadeed Campus, Islamia University of Bahawalpur."
Who is the Head of the Department of Marketing and International Business?,"The Department of Marketing and International Business is one of the nine departments within the Institute of Business Management and Administrative Sciences at Baghdad-ul-Jadeed Campus, Islamia University of Bahawalpur."
Who is the Head of the Department of Technology Management?,"The Department of Technology Management is one of the nine departments within the Institute of Business Management and Administrative Sciences at Baghdad-ul-Jadeed Campus, Islamia University of Bahawalpur."
Who is the Head of the Department of Islamic and Commercial Banking?,"The Department of Islamic and Commercial Banking is one of the nine departments within the Institute of Business Management and Administrative Sciences at Baghdad-ul-Jadeed Campus, Islamia University of Bahawalpur."
Who is the Head of the Department of Project and Operation Management?,"The Department of Project and Operation Management is one of the nine departments within the Institute of Business Management and Administrative Sciences at Baghdad-ul-Jadeed Campus, Islamia University of Bahawalpur."
Who is the Head of the Department of Tourism and Hospitality Management?,"The Department of Tourism and Hospitality Management is one of the nine departments within the Institute of Business Management and Administrative Sciences at Baghdad-ul-Jadeed Campus, Islamia University of Bahawalpur."
Who is the Head of the Department of Commerce?,"The Department of Commerce functions under the Faculty of Management Sciences and Commerce at Baghdad-ul-Jadeed Campus, Islamia University of Bahawalpur."
Who is the Head of the Department of Accounting and Finance?,"The Department of Accounting and Finance functions under the Faculty of Management Sciences and Commerce at Baghdad-ul-Jadeed Campus, Islamia University of Bahawalpur."
Who is the Chairman of the Department of Soil Science at IUB?,"Prof. Dr. Maqshoof Ahmad serves as the Chairman of the Department of Soil Science at the Faculty of Agriculture and Environment, Baghdad-ul-Jadeed Campus, Islamia University of Bahawalpur."
Who is the Dean of the Faculty of Management Sciences and Commerce at IUB?,"Prof. Dr. Jawad Iqbal serves as the Dean of the Faculty of Management Sciences and Commerce and Director of the Institute of Business, Management and Administrative Sciences at Baghdad-ul-Jadeed Campus, Islamia University of Bahawalpur."
Who is the Chairman of the Department of Entrepreneurship and Innovation?,"Dr. Hassan Danial Aslam serves as the Associate Professor and Chairman of the Department of Entrepreneurship and Innovation at the Institute of Business, Management and Administrative Sciences, Baghdad-ul-Jadeed Campus, Islamia University of Bahawalpur."
Who is the Head of the Department of Marketing and International Business?,"The Department of Marketing and International Business at the Institute of Business, Management and Administrative Sciences, Baghdad-ul-Jadeed Campus, Islamia University of Bahawalpur, offers programs in marketing and international business."
Who is the Head of the Department of Technology Management?,"The Department of Technology Management at the Institute of Business, Management and Administrative Sciences, Baghdad-ul-Jadeed Campus, Islamia University of Bahawalpur, offers programs in technology and innovation management."
Who is the Head of the Department of Islamic and Commercial Banking?,"The Department of Islamic and Commercial Banking at the Institute of Business, Management and Administrative Sciences, Baghdad-ul-Jadeed Campus, Islamia University of Bahawalpur, offers programs in Islamic and commercial banking."
Who is the Head of the Department of Project and Operation Management?,"The Department of Project and Operation Management at the Institute of Business, Management and Administrative Sciences, Baghdad-ul-Jadeed Campus, Islamia University of Bahawalpur, offers programs in project and operations management."
Who is the Head of the Department of Tourism and Hospitality Management?,"The Department of Tourism and Hospitality Management at the Institute of Business, Management and Administrative Sciences, Baghdad-ul-Jadeed Campus, Islamia University of Bahawalpur, offers programs in tourism and hospitality management."
Who is the Head of the Department of Accounting and Finance?,"The Department of Accounting and Finance at the Institute of Business, Management and Administrative Sciences, Baghdad-ul-Jadeed Campus, Islamia University of Bahawalpur, offers programs in accounting and finance."
Who is the Dean of the Faculty of Management Sciences and Commerce at IUB?,"Prof. Dr. Jawad Iqbal serves as the Dean of the Faculty of Management Sciences and Commerce and Director of the Institute of Business, Management and Administrative Sciences at Baghdad-ul-Jadeed Campus, Islamia University of Bahawalpur."
Who is the Chairman of the Department of Entrepreneurship and Innovation?,"Dr. Hassan Danial Aslam serves as the Associate Professor and Chairman of the Department of Entrepreneurship and Innovation at the Institute of Business, Management and Administrative Sciences, Baghdad-ul-Jadeed Campus, Islamia University of Bahawalpur."
Who is the Head of the Department of Marketing and International Business?,"The Department of Marketing and International Business at the Institute of Business, Management and Administrative Sciences, Baghdad-ul-Jadeed Campus, Islamia University of Bahawalpur, offers programs in marketing and international business."
Who is the Head of the Department of Islamic and Commercial Banking?,"The Department of Islamic and Commercial Banking at the Institute of Business, Management and Administrative Sciences, Baghdad-ul-Jadeed Campus, Islamia University of Bahawalpur, offers programs in Islamic and commercial banking."
Who is the Head of the Department of Project and Operation Management?,"The Department of Project and Operation Management at the Institute of Business, Management and Administrative Sciences, Baghdad-ul-Jadeed Campus, Islamia University of Bahawalpur, offers programs in project and operations management."
Who is the Head of the Department of Tourism and Hospitality Management?,"The Department of Tourism and Hospitality Management at the Institute of Business, Management and Administrative Sciences, Baghdad-ul-Jadeed Campus, Islamia University of Bahawalpur, offers programs in tourism and hospitality management."
Who is the Head of the Department of Accounting and Finance?,"The Department of Accounting and Finance at the Institute of Business, Management and Administrative Sciences, Baghdad-ul-Jadeed Campus, Islamia University of Bahawalpur, offers programs in accounting and finance."
Who is the Principal of the University College of Nursing at IUB?,"Dr. Farhan Mukhtar serves as the Principal of the University College of Nursing at Baghdad-ul-Jadeed Campus, Islamia University of Bahawalpur."
Who is the Dean of the Faculty of Medicine and Allied Health Sciences at IUB?,"Prof. Dr. Rao Saeed Ahmed serves as the Dean of the Faculty of Medicine and Allied Health Sciences at Baghdad-ul-Jadeed Campus, Islamia University of Bahawalpur."
Who is the Principal of the University College of Nursing at IUB?,"Dr. Farhan Mukhtar serves as the Principal and Associate Professor of the University College of Nursing at Baghdad-ul-Jadeed Campus, Islamia University of Bahawalpur."
Who is the Dean of the Faculty of Medicine and Allied Health Sciences at IUB?,"Prof. Dr. Rao Saeed Ahmed serves as the Dean of the Faculty of Medicine and Allied Health Sciences at Baghdad-ul-Jadeed Campus, Islamia University of Bahawalpur."
Who is the Principal of the University College of Nursing at IUB?,"Dr. Farhan Mukhtar serves as the Principal and Associate Professor of the University College of Nursing at Baghdad-ul-Jadeed Campus, Islamia University of Bahawalpur."
Who is the Dean of the Faculty of Medicine and Allied Health Sciences at IUB?,"Prof. Dr. Rao Saeed Ahmed serves as the Dean of the Faculty of Medicine and Allied Health Sciences at Baghdad-ul-Jadeed Campus, Islamia University of Bahawalpur."
Who is the Dean of the Faculty of Veterinary and Animal Sciences at IUB?,Prof. Dr. Muhammad Khalid Mansoor serves as the Dean of the Faculty of Veterinary and Animal Sciences at the Islamia University of Bahawalpur.
Who is the Incharge of the Department of Medical Laboratory Technology?,"Dr. Quratul Ain serves as the Incharge of the Department of Medical Laboratory Technology at the Faculty of Medicine and Allied Health Sciences, Islamia University of Bahawalpur."
Who is the Incharge of the Department of Physical Therapy?,"Dr. Ayesha Bashir serves as the Incharge of the Department of Physical Therapy at the Faculty of Medicine and Allied Health Sciences, Islamia University of Bahawalpur."
Who is the Incharge of the Department of Human Nutrition and Dietetics?,"The Department of Human Nutrition and Dietetics at the Faculty of Medicine and Allied Health Sciences, Islamia University of Bahawalpur, is one of the newly introduced departments at the faculty."
Who is the Incharge of the Department of Forensic Science?,"The Department of Forensic Science at the Faculty of Medicine and Allied Health Sciences, Islamia University of Bahawalpur, is one of the recently established departments at the faculty."
Who is the Dean of the Faculty of Engineering and Technology at IUB?,Prof. Dr. Muhammad Amjad serves as the Dean of the Faculty of Engineering and Technology at the Islamia University of Bahawalpur. He inaugurated the IEEE Annual Engineering Project Exhibition (AEPE) 2025 at Baghdad ul Jadeed Campus.
Who is the Dean of the Faculty of Computing at IUB?,"The Faculty of Computing at Baghdad-ul-Jadeed Campus, Islamia University of Bahawalpur, is one of the 13 faculties functioning at the university, offering programs in Computer Science, Information Technology, and Software Engineering."
Who is the Chairman of the Department of Soil Science at IUB?,"The Department of Soil Science operates under the Institute of Soil and Water Resources at the Faculty of Agriculture and Environment, Baghdad-ul-Jadeed Campus, Islamia University of Bahawalpur."
