ticket_id,description,category,priority
TCK-0001,"My uploaded thesis file keeps getting corrupted after upload and cannot be opened by the reviewing faculty, delaying my submission close to the deadline. Roll No: S23BBSCS4M5982",Portal Technical Issue,High
TCK-0002,Sir I submitted my degree application form but have not received any confirmation email. Please confirm receipt. Roll No: F22BBDOCS1M5889,Degree,Medium
TCK-0003,My semester fee unpaid chalan not shown on portal. Please resolve this issue for payment of remaining semester fees,Fee & Challan,Medium
TCK-0004,"A major water leakage has flooded part of the Department of Zoology server room, threatening to damage critical university IT infrastructure; immediate action is required. Baghdad-ul-Jadeed Campus",Infrastructure / Maintenance,Critical
TCK-0005,What is the process to apply for a duplicate degree certificate?,Degree,Low
TCK-0006,"I have a visa interview tomorrow morning and my experience certificate, promised for today, has still not been issued despite multiple follow-ups this week.",Employee Services,Critical
TCK-0007,"I want to join, please guide how.",Other,Low
TCK-0008,"My admission has been put on hold because my HEC equivalence certificate has not been verified yet, and classes for BS Physical Education & Sports Sciences start this week. Kindly expedite verification urgently.",Admission,High
TCK-0009,What is the fee for issuing a character certificate?,Certificate / Verification,Low
TCK-0010,Kindly guide me on the renewal process for my scholarship for the upcoming semester. Roll No: S24BBSEEN6M5905,Scholarship,Medium
TCK-0011,"Respected Sir, I have applied for my degree and paid the required challan (5,000 Rs) but the status is still showing 'Submitted'. Roll No: F22BPHD2M7916, LLB (5 Years). Kindly update.",Degree,Medium
TCK-0012,Please give me my transcript,Transcript,Low
TCK-0013,"My provident fund withdrawal request, submitted for a medical emergency, has been pending approval for about a week with no update.",Employee Services,High
TCK-0014,Salam sir . Me ny M phil transcript verification k ley 14-07-2026 ko apply kiya r 15-07-2026 ko by post apni original transcript send ki joo k 17 -07-2026 ko university receive ki gae r abi tk meri verificatio nhi hui na hi online status change hua . Jb university sy pta kiya to agy sy answer mila hamen abi tk transcript receive nhi hui . Me ny sari tracking details b de . Ab na to koi call receive krta ha na hi message ka reply krta ha university k offical whatsapp nbr py b details send ki r zearat khan shb ko b lekin abi tk no response . Please mera issue resolve krwaen meri original transcript hai.,Transcript,High
TCK-0015,"Request for repair of the projector in the Department of Physical Education & Sports Sciences lecture hall, Bahawalpur City Campus, which has not been working for two weeks.",Infrastructure / Maintenance,Medium
TCK-0016,How do I add my thesis supervisor's name on the portal?,Thesis,Low
TCK-0017,"My name on the university portal is listed as Hina S, but my official CNIC name is different. Kindly correct my name on the portal. Roll No: F20BMPHIL2M4908",Name Correction,Medium
TCK-0018,"Respected Sir, I have paid the transcript fee (3,500 Rs.) but my transcript is still not showing on the MyIUB portal. Roll No: F21BBAGRI2M9279. Kindly resolve. Regards, Sohail Anwar",Transcript,Medium
TCK-0019,"You can use this short ticket description: My name on the university portal is listed as Muhammad Yahya, but my official CNIC/Shanakhti Card name is Muhammad Yahya Khan. Kindly update my name on the university portal to Muhammad Yahya Khan according to my official record.",Name Correction,Medium
TCK-0020,"My urgent degree application (Application No. 23923) has been pending for a few days even though I applied and paid under the urgent category. I need it for higher studies admission abroad. Name: Hina Shahzadi, Roll No: S25BBSCS1M8962",Degree,High
TCK-0021,in my thiese section it shows error Missing CGPA: Please request your department's exam coordinator to calculate and update your CGPA. Missing Comprehensive Exam Date: Please contact your department's exam coordinator to record your comprehensive exam date.,Thesis,High
TCK-0022,"My thesis section shows an error 'Missing Comprehensive Exam Date'; kindly contact the exam coordinator to update this on my behalf, or guide me on the process. Roll No: F22BBSCS5M7267",Thesis,Medium
TCK-0023,The thesis submission deadline is today at midnight and the upload button has been non-functional for our entire batch since this afternoon. Kindly fix immediately. BS Computer Science,Thesis,Critical
TCK-0024,Kindly change my registered email address on my account as I no longer have access to the old one. Roll No: S24BBDOCS3M7971,Account & Login,Medium
TCK-0025,My scholarship installment for last semester is shown as 'Processing' for a few days now with no further update. Roll No: F21BPHD4M5533,Scholarship,Medium
TCK-0026,Is there an online form for name correction or do I need to visit in person?,Name Correction,Low
TCK-0027,I worked as a Visiting Lecturer from Spring 2022 to Spring 2023 and require my salary slips and an experience certificate for a visa application. Kindly issue at your earliest convenience.,Employee Services,Medium
TCK-0028,My name shows an extra letter on my printed student card. Please correct it before reprinting. Roll No: F24BBSIT3M3749,Name Correction,Medium
TCK-0029,respected sir my educational records are not updated in my profile kindly update them according to my attachments. MCS and MS degrees are attached,Profile Update,Medium
TCK-0030,Can a water cooler be installed near the Department of Zoology building?,Infrastructure / Maintenance,Low
TCK-0031,I would like to lodge a complaint regarding the unhelpful response I received from the Department of Chemistry front desk staff when inquiring about my documents.,Complaint,Medium
TCK-0032,I would like to know the procedure to apply for a change of campus from Khanpur Campus to another campus. Roll No: F22BBDATS4M9725,Other,Medium
TCK-0033,"My profile shows a completely wrong CNIC that is blocking my degree attestation submission, which is due at the HEC office tomorrow morning. Please fix this urgently. Roll No: S22BBDATS7M8564",Profile Update,Critical
TCK-0034,Kindly tell me the fee structure for MBA.,Fee & Challan,Low
TCK-0035,Please issue my No Objection Certificate (NOC) for a part-time teaching engagement outside the university.,Employee Services,Medium
TCK-0036,Sir I submitted my degree application form but have not received any confirmation email. Please confirm receipt. Roll No: F20BPHD6M2876,Degree,Medium
TCK-0037,"The result was announced on 1 july, i improved 3 subjects, Artificial intelligence, Architecture and FYP-I However Ai and Architecture have been verified/acknowledged on my transcript But FYP-I is yet to be verified and It’s been many days. I have been awarded a scholarship so i need an original transcript. Which i can’t get until my result is acknowledged Kindly please check and help me i am very stressed Name: Aadil Ali - Roll Number / Registration Number: S22BDOCS1M01022 - Department: BS Computer Science - Session: Spring 2022",Result,High
TCK-0038,"I need an official letter of recommendation urgently for a scholarship application closing in two days, and my department has not responded to my request submitted a few days ago. Roll No: S23BLLB1M6129",Other,High
TCK-0039,My uploaded documents keep failing to upload with a generic 'error' message on the portal. Roll No: F21BBDATS2M3847,Portal Technical Issue,Medium
TCK-0040,Sir mera transcript voucher pay ho chuka hai lekin portal pr abi tak show nahi ho raha. Roll no F21BBSCS4M2584. Kindly check kr dein.,Transcript,Medium
TCK-0041,"Our whole department's final semester result system is showing 'no data found' for every student, blocking all of us from applying for graduation clearance before tomorrow's deadline. BS Software Engineering, Baghdad-ul-Jadeed Campus",Result,Critical
TCK-0042,Kindly update my bank account details in the payroll system as my old account has been closed.,Employee Services,Medium
TCK-0043,"I am filing an urgent complaint that my degree, required tomorrow for a visa interview, has been stuck for about a week due to what appears to be an internal miscommunication between two offices, neither of which will take responsibility. Roll No: F22BMPHIL6M7566",Complaint,Critical
TCK-0044,I would like to know the procedure to apply for a change of campus from Khanpur Campus to another campus. Roll No: F24BBAGRI7M9394,Other,Medium
TCK-0045,"Subject: Request for Re-Generation of Degree Fee Challan under Spouse Quota Respected Sir, It is respectfully submitted that, as per the attached certificate, I am eligible to avail the Spouse Quota concession for the payment of the Normal Degree Fee. However, a degree fee challan amounting to Rs. 5,000/- has already been generated on my IUB E-Portal against my CNIC No. 31202-1108025-4 under the normal category instead of the applicable spouse quota. It is, therefore, requested that the already generated challan may kindly be cancelled, and the concerned Challan Generation Section may be directed to re-generate the degree fee challan in accordance with the Spouse Quota, as supported by the enclosed certificate. Your kind consideration and early action in this matter shall be highly appreciated. SHAHIDA SHAHEEN MPHIL SOFTWARE ENGINEERING SESSION (2022-2024)",Fee & Challan,Medium
TCK-0046,Just want to know if past exam papers are available for practice.,Examination,Low
TCK-0047,Is there a sports scholarship available for BS Mathematics students?,Scholarship,Low
TCK-0048,"The fire alarm system across the Rahim Yar Khan Campus hostel block has stopped working entirely, posing a serious safety risk to all resident students. Immediate repair is requested.",Infrastructure / Maintenance,Critical
TCK-0049,"My transcript request submitted on 28 July 2026 is still pending. Roll Number: S25BBPESS7M1106, BS Mathematics. Kindly update the status.",Transcript,Medium
TCK-0050,What is the required word count for the thesis final draft?,Thesis,Low
TCK-0051,I would like to request a review of my examination papers as my marks appear lower than expected across almost every subject. Roll No: S23BBDOCS2M7284,Examination,Medium
TCK-0052,"Sir, meri dairy technonlogy subject mn supply hai in 6th semester..lekin Course Repeat Challan mein subject show nahi ho raha aur na hi My Fee Vouchers mein challan aaya hai. Kindly portal par subject show karwadein taake mein fee jama karwa sakoon.""",Course Registration,High
TCK-0053,How can I download my transcript from MyIUB portal?,Transcript,Low
TCK-0054,I need my Enrollment Certificate for a scheme application. Kindly issue it as soon as possible. Roll No: F20BBPESS7M8222,Certificate / Verification,Medium
TCK-0055,"Dear Sir/Madam, I applied for urgent degree of BS Mathematics and paid the urgent processing challan over a month ago, but the status still shows pending review. I need it for a job offer that requires original degree verification soon. Roll No: F22BBDATS6M8787, Name: Mariam Shafiq",Degree,High
TCK-0056,"My profile shows a completely wrong CNIC that is blocking my degree attestation submission, which is due at the HEC office tomorrow morning. Please fix this urgently. Roll No: S22BMPHIL5M1444",Profile Update,Critical
TCK-0057,I would like to know how to request access to the university's research paper database off-campus. Roll No: F25BBELEN1M5640,Other,Medium
TCK-0058,Please reverse my submitted clearance form as I mistakenly applied while I still have one pending supply exam. Roll No: S23BBMEDS6M4501,Clearance,Medium
TCK-0059,"Sir mera account login nahi ho raha, password reset bhi kaam nahi kar raha. Roll no S24BBECON3M8434.",Account & Login,Medium
TCK-0060,Just wanted to know the required documents for admission application.,Admission,Low
TCK-0061,When does the admission form submission open for Fall 2026?,Admission,Low
TCK-0062,"This is a critical complaint that despite an official refund approval on record for Rs. 5,000, the accounts office has still not released the funds, and I am unable to pay today's non-negotiable admission deadline fee without it.",Complaint,Critical
TCK-0063,"I have been awarded the HEC Need-Based Scholarship (Phase 3) shown on my portal, but I have not received any update on the disbursement schedule. Roll No: S24BBDATS3M5616",Scholarship,Medium
TCK-0064,Complaint regarding repeated delays in reply from the accounts office despite multiple emails sent over more than 20 days.,Complaint,Medium
TCK-0065,Kindly confirm whether my thesis proposal has been forwarded to the board for approval. Roll No: F20BLLB7M8622,Thesis,Medium
TCK-0066,"I am filing a complaint regarding the complete lack of response from the IT department to my repeated requests to unblock my account, now affecting my ability to submit an assignment due this week.",Complaint,High
TCK-0067,"I am escalating my complaint as my previous three tickets on the same unresolved degree issue were closed without any action, and the matter remains urgent. Roll No: S24BBSEEN5M6400",Complaint,High
TCK-0068,Just wanted to confirm if results are usually delayed at IUB.,Result,Low
TCK-0069,Kya open merit list already declare ho chuki hai is saal ki?,Admission,Low
TCK-0070,Please confirm whether my admission documents (matric and intermediate certificates) were successfully received.,Admission,Medium
TCK-0071,"Subject: Complaint Regarding Delay in Urgent Degree Processing Dear Sir/Madam, I am writing to formally raise a complaint regarding the delay in processing my Urgent Degree Application. My application details are as follows: Application No.: 26389 Name: Zulqarnain Ali Roll No.: F22BDATS1M02038 Registration No.: BS-F22B-DATS-M2038 Program: BS Data Science Apply Type: Urgent Application Date: 04 July 2026 Challan Status: Paid It has now been more than 20 days since I submitted my urgent degree application, yet the status is still showing as Pending. I specifically applied under the urgent category and completed all required formalities, including payment, with the expectation that the process would be completed within the promised timeframe. The delay is causing significant difficulties because I need my degree documents to apply for higher studies abroad, where application deadlines are approaching. I kindly request you to investigate the reason for the delay and process my urgent degree application as soon as possible. I would appreciate an update on the current status of my application and an expected completion date. Thank you for your attention. I look forward to your prompt response. Sincerely, Zulqarnain Ali BS Data Science Roll No: F22BDATS1M02038 Application No: 26389",Degree,High
TCK-0072,My semester fee payment deadline is today and the challan generation option has completely disappeared from my portal since this morning; I risk being dropped from the semester if I cannot pay today. Roll No: F25BLLB1M5002,Fee & Challan,Critical
TCK-0073,"My transcript request submitted on 25 July 2026 is still pending. Roll Number: F25BBPESS2M4527, BS Mathematics. Kindly update the status.",Transcript,Medium
TCK-0074,"I need an official letter of recommendation urgently for a scholarship application closing in two days, and my department has not responded to my request submitted a few days ago. Roll No: S22BBSEEN3M3815",Other,High
TCK-0075,Kindly guide me on the process to apply for a bonafide certificate for my sibling's visa sponsorship documents. Roll No: F23BBPESS2M3248,Other,Medium
TCK-0076,My vocher already paid my transcript is not show,Transcript,Medium
TCK-0077,My semester fee payment deadline is today and the challan generation option has completely disappeared from my portal since this morning; I risk being dropped from the semester if I cannot pay today. Roll No: S23BMPHIL5M2638,Fee & Challan,Critical
TCK-0078,"I paid my semester fee of Rs. 22,000 via JazzCash on 14 July 2026 and the amount has been deducted from my account, but the portal still shows the challan as 'Expired'/'Pending'. Kindly verify from the bank ledger urgently. Roll No: S22BBSCS5M5033",Fee & Challan,High
TCK-0079,I urgently need guidance on the credit transfer process as my enrollment at another institution depends on this being resolved before their deadline this week. Roll No: S22BBSMATH1M4986,Other,High
TCK-0080,"I keep getting logged out mid-way while filling a long form on the portal, losing all my entered data. Roll No: F21BBDATS1M7693",Portal Technical Issue,Medium
TCK-0081,Just wanted to know when scholarship applications open for new batch.,Scholarship,Low
TCK-0082,Is the result declaration date fixed yet for this semester?,Result,Low
TCK-0083,My account has been hacked and someone changed my password and email; I no longer have any access and my degree application deadline is today. Please help immediately. Roll No: F21BBSMATH1M5658,Account & Login,Critical
TCK-0084,"My Turnitin account was blocked after being used by mistake by another department colleague, and despite raising a complaint, it is still blocked, preventing me from completing my own assigned work. Kindly restore urgently.",Account & Login,High
TCK-0085,"My registration hold has still not been cleared despite clearing all dues two weeks ago, and today is the absolute last day to register, after which I will lose the semester entirely. Roll No: S23BBSCS1M4920",Course Registration,Critical
TCK-0086,"It has been over a month since I completed my graduation, yet I have not received my degree despite paying all dues. This is causing significant difficulty for my employment process. Roll No: F23BMBA3M7537",Degree,High
TCK-0087,My admission at a foreign university will be cancelled if I do not submit my original degree by tomorrow. I have already paid all urgent fees. Kindly help immediately. Roll No: F20BMPHIL5M4770,Degree,Critical
TCK-0088,"My character certificate request, urgently needed for a visa application this week, has not been processed despite submitting it over a month ago. Roll No: F25BBSCS7M7464",Certificate / Verification,High
TCK-0089,"My name on my degree does not match my CNIC due to a typo, and this mismatch is now blocking my HEC attestation submission which has a deadline this week. Roll No: S24BPHD3M1207",Name Correction,High
TCK-0090,My examination admit card is missing and my paper is scheduled for tomorrow morning; without it I may not be allowed to sit the exam. Roll No: F22BBSCS4M5342,Examination,High
TCK-0091,"My entire class's clearance requests have been frozen due to a system error, blocking all of us from collecting our degrees before tomorrow's convocation deadline. LLB (5 Years)",Clearance,Critical
TCK-0092,who to change my iub account name,Account & Login,Low
TCK-0093,There is a spelling mistake in my name on my student email and portal record; my correct name is Areeba Malik. Kindly correct as soon as possible. Roll No: F21BMPHIL1M6111,Name Correction,Medium
TCK-0094,"Respected Sir, I have paid the transcript fee (18,750 Rs.) but my transcript is still not showing on the MyIUB portal. Roll No: F23BMBA6M9928. Kindly resolve. Regards, Junaid Aslam",Transcript,Medium
TCK-0095,How can I request my monthly payslip copy for record purposes?,Employee Services,Low
TCK-0096,"Subject: Request for Urgent Degree Issuance Dear Sir/Madam, I have already applied for my degree and paid the required fee/challan. However, my application is still under review. It has been two years since I completed my graduation, and I have neither received my degree nor any confirmation from the university. I kindly request you to process my application on an urgent basis and issue my degree as soon as possible, as I need it urgently for official purposes. Thank you for your consideration.",Degree,High
TCK-0097,"When I open the myIUB app and navigate to the Result section, it appears empty and does not load any data. Kindly resolve. Roll No: F22BBSIT5M5978",Portal Technical Issue,Medium
TCK-0098,"My degree verification request from a foreign employer has been pending response from the university for over a month, and my job offer is contingent on this verification being completed soon. Roll No: S22BBSMATH6M7086",Certificate / Verification,High
TCK-0099,My admission test result has not been uploaded on the portal though the test was conducted two weeks ago.,Admission,Medium
TCK-0100,Please confirm if my course load this semester meets the minimum credit hour requirement. Roll No: S25BBSEEN7M5415,Course Registration,Medium
TCK-0101,"It is respectfully submitted that the telephone line of the Department of Agronomy, Rahim Yar Khan Campus (Phone No. 069-6455706) is not functioning, and this is adversely affecting the ongoing admission campaign as applicants cannot reach us. Kindly repair urgently.",Infrastructure / Maintenance,High
TCK-0102,"This is an urgent request: my medical emergency leave approval is required today, otherwise I will be marked absent for a critical examination happening in two hours. Roll No: F23BLLB7M6724",Other,Critical
TCK-0103,"My admission has been put on hold because my HEC equivalence certificate has not been verified yet, and classes for MBA start this week. Kindly expedite verification urgently.",Admission,High
TCK-0104,"I have a supply in Thermodynamics but the Course Repeat option does not show this subject on my portal, nor has a challan been generated. Kindly enable it. Roll No: S22BPHD7M9056",Course Registration,Medium
TCK-0105,"I have completed my degree of PhD in Management Sciences from IUB and applied for degree attestation but HEC has raised some observations over my degree attestation. They have advised to select the option Doctor of Philosophy in management Sciences and if not availbe then contact PQR Focal Person of the University. The said option is not available on portal of HEC and a similar option ""Doctor of Philosophy (PhD) in Management Sciences"" is available but HEC has not been accepting it due to abbreviation available therein. It is, therefore, requested to add new degree title ""Doctor of Philosophy in Management Sciences"" on PQR so that i may proceed with attestation of degree, please.",Certificate / Verification,High
TCK-0106,"My repeat subject fee challan has not been generated even though the subject is showing on my result as failed, and course registration closes in two days. Roll No: F24BBECON1M7622",Course Registration,High
TCK-0107,I would like to know the procedure to apply for a change of campus from Rahim Yar Khan Campus to another campus. Roll No: F20BBAGRI4M1897,Other,Medium
TCK-0108,Complaint regarding repeated delays in reply from the accounts office despite multiple emails sent over nearly two months.,Complaint,Medium
TCK-0109,"It is respectfully submitted that the telephone line of the Department of Physical Education & Sports Sciences, Khanpur Campus (Phone No. 066-2811298) is not functioning, and this is adversely affecting the ongoing admission campaign as applicants cannot reach us. Kindly repair urgently.",Infrastructure / Maintenance,High
TCK-0110,"The fee payment gateway on the portal is throwing a fatal error for every student today, which is the last date for semester fee submission without penalty.",Portal Technical Issue,Critical
TCK-0111,"The paint on the corridor walls near the library is peeling, just reporting.",Infrastructure / Maintenance,Low
TCK-0112,I have applied for adjustment of MS allowance arrears against an excess amount deducted from my salary. Kindly confirm if any further information is required. Contact: 0348678896,Employee Services,Medium
TCK-0113,"My MyIUB account has been completely locked for two weeks after a failed password reset, and I am unable to submit my thesis-related forms before the deadline this week. Roll No: F20BBSEEN5M5786",Account & Login,High
TCK-0114,Sir I submitted my degree application form but have not received any confirmation email. Please confirm receipt. Roll No: S25BBAGRI2M7126,Degree,Medium
TCK-0115,What is the last date for semester fee submission this term?,Fee & Challan,Low
TCK-0116,My registered course list is missing one elective that I selected during registration week. Roll No: S24BBSEEN4M2442,Course Registration,Medium
TCK-0117,I need to update my CNIC number on my submitted admission application form; the system does not allow edits. Please assist.,Admission,Medium
TCK-0118,"This is an urgent complaint that my case file appears to have been lost by the Directorate of Academics, with no record found of my clearance submission from nearly two months ago. Roll No: F24BBSEEN2M5477",Complaint,High
TCK-0119,How can I add my LinkedIn profile link to my MyIUB profile?,Profile Update,Low
TCK-0120,"Just want to know the normal degree processing time, thanks.",Degree,Low
TCK-0121,"Result kab tak ayega, please batayen.",Result,Low
TCK-0122,Please regenerate my hostel fee challan as the amount shown is incorrect. Roll No: F22BBAGRI3M4566,Fee & Challan,Medium
TCK-0123,"It is respectfully submitted that the telephone line of the Institute of Chemistry, Baghdad-ul-Jadeed Campus (Phone No. 062-9255473) is not functioning properly. As the admission campaign is currently in progress, many prospective students and their parents are unable to contact the Institute for admission-related information. This communication issue is adversely affecting the admission process and causing inconvenience to applicants. It is, therefore, requested that the above-mentioned telephone line may kindly be repaired on an urgent basis to ensure uninterrupted communication and facilitate the ongoing admission campaign. Your prompt attention and necessary action in this matter will be highly appreciated. Naveed Iqbal Senior Clerk Institute of Chemistry The Islamia University of Bahawalpur, Baghdad-ul-Jadeed Campus",Infrastructure / Maintenance,High
TCK-0124,I have applied for adjustment of MS allowance arrears against an excess amount deducted from my salary. Kindly confirm if any further information is required. Contact: 0355684858,Employee Services,Medium
TCK-0125,"The entire clearance module of the portal has been throwing a server error for two days, and I cannot proceed with a time-sensitive task because of it. Roll No: F23BLLB3M4241",Portal Technical Issue,High
TCK-0126,I want my transcript With Marks,Transcript,Medium
TCK-0127,Just wanted to confirm the examination fee amount for this term.,Examination,Low
TCK-0128,"I keep getting logged out mid-way while filling a long form on the portal, losing all my entered data. Roll No: S25BBSIT5M4697",Portal Technical Issue,Medium
TCK-0129,I need my Enrollment Certificate for a scheme application. Kindly issue it as soon as possible. Roll No: F24BBECON6M7807,Certificate / Verification,Medium
TCK-0130,My HEC degree attestation application is currently stuck at 'Submitted by UFP' status and is pending online verification from the university for more than 20 days. HEC cannot proceed without this verification. Roll No: F21BBDATS7M4696,Certificate / Verification,High
TCK-0131,My registered course list is missing one elective that I selected during registration week. Roll No: S24BPHD4M5557,Course Registration,Medium
TCK-0132,"This is a critical complaint regarding the complete non-responsiveness of the Examination department for over a month on a result discrepancy that is currently blocking my scholarship renewal deadline, which is today.",Complaint,Critical
TCK-0133,Just wanted to know the turnaround time for certificate issuance.,Certificate / Verification,Low
TCK-0134,Kindly guide me on the renewal process for my scholarship for the upcoming semester. Roll No: F21BLLB2M5333,Scholarship,Medium
TCK-0135,Perfect time show the result . And not late the result,Result,Low
TCK-0136,Where can I change my account password?,Account & Login,Low
TCK-0137,"HEC verification of my scholarship documents is still pending after a few days, delaying my entire disbursement while my semester fee due date is approaching fast. Roll No: F25BBSIT5M7658",Scholarship,High
TCK-0138,Just want to know if certificate attestation is done on-campus or needs to go to HEC directly.,Certificate / Verification,Low
TCK-0139,Kindly help me drop a course I mistakenly registered for this semester. Roll No: S22BBECON3M2713,Course Registration,Medium
TCK-0140,I have already submitted my thesis but am unable to check the current status on the MyIUB portal because it shows 'Registration Number is missing'. Kindly update. Roll No: F21BBMEDS2M5906,Thesis,Medium
TCK-0141,"REQUEST TO ADD MS DEGREE IN MY PERSONAL PROFILE Dear Sir, It is respectfully submitted that I have completed my MS Degree in 2024 but my degree is not added in my personal profile on MY IUB Portal. Please add my degree in personal profile and update on MY IUB Portal. Verified MS Transcript is also uploaded herewith this request. Thanking you in anticipation. Muhammad Rashid s/o Muhammad Iqbal Department of Bioinformatics, IUB",Profile Update,Medium
TCK-0142,"My visa application will be rejected if I do not submit a verified degree equivalence certificate by end of day today, and the university verification office has not responded to my urgent requests. Roll No: S22BBSCS2M1742",Certificate / Verification,Critical
TCK-0143,I need a bonafide student certificate for a bank loan application. Kindly issue at your earliest convenience. Roll No: F25BBAGRI6M4115,Certificate / Verification,Medium
TCK-0144,Kindly tell me if the enrollment certificate can be emailed instead of collected in person.,Certificate / Verification,Low
TCK-0145,"My scholarship-covered fee challan is still showing unpaid even though the scholarship office confirmed disbursement on 18 July 2026, and the late fee surcharge is now being added daily. Roll No: S23BBECON7M2188",Fee & Challan,High
TCK-0146,"Dear Sir/Madam, I am following up on my Degree Recognition application submitted through MOHESR VFSGLOBAL as I have not received any update in about a week. Reference No: VFS-202669-57953",Certificate / Verification,Medium
TCK-0147,"My thesis section shows an error 'Missing Comprehensive Exam Date'; kindly contact the exam coordinator to update this on my behalf, or guide me on the process. Roll No: S23BLLB5M3344",Thesis,Medium
TCK-0148,My 3rd semester result is not showing on the portal since the declaration date has passed. Roll No: S22BMBA3M2790. Kindly update.,Result,Medium
TCK-0149,Kindly change my registered email address on my account as I no longer have access to the old one. Roll No: F20BBSCS3M4630,Account & Login,Medium
TCK-0150,"My repeat subject fee challan has not been generated even though the subject is showing on my result as failed, and course registration closes in two days. Roll No: S22BBSEEN2M9494",Course Registration,High
TCK-0151,"To: The Director, Admissions Office The Islamia University of Bahawalpur Subject: Request for Refund of Late Fee Charges (Rs. 16,000) Respected Sir/Madam, I hope this letter finds you well. My name is Shahzad Khan, Roll No. F20BPESS1M01002, student of BS Physical Education & Sports Sciences (Session 2020–2024) at the Bahawalpur Campus. I respectfully request your kind attention regarding the refund of my late fee charges amounting to Rs. 16,000 (Rs. 8,000 each for Fall 2023 and Spring 2024). The University announced that these additional late fee charges would be refunded to eligible students. I completed all the required formalities and submitted my refund application to the Admissions Office approximately two years ago. However, despite the completion of the entire process, I have not yet received the refund. Neither has the amount been transferred to my bank account nor have I received any cheque. I, therefore, humbly request you to kindly look into my case and arrange the release of my pending refund of Rs. 16,000 at the earliest. Your prompt attention and cooperation in this matter will be highly appreciated. Thank you for your time and consideration. Yours sincerely, Shahzad Khan Roll No.: F20BPESS1M01002 BS Physical Education & Sports Sciences Session: 2020–2024 Department of Physical Education & Sports Sciences Bahawalpur Campus Phone: 0340-1307166",Fee & Challan,High
TCK-0152,"Clearance form kahan se milay ga, please guide.",Clearance,Low
TCK-0153,Several ceiling fans in the Baghdad-ul-Jadeed Campus hostel common room are not working; kindly arrange repair.,Infrastructure / Maintenance,Medium
TCK-0154,Aoa sir kindly remove my clearance because meri 2 supply rehti ha mujhsy ghalti sy hogai clearance,Clearance,Medium
TCK-0155,"Hello, I would like to file a complaint regarding my result portal. I am currently unable to access my result, as the portal either appears completely blank or displays an ""Invalid Token Request"" error. Meanwhile, many of my classmates have already been able to view their results. I would appreciate it if you could resolve this issue as soon as possible so that I can access my result. Thank you.",Result,High
TCK-0156,What is the admission fee structure for BS Information Technology?,Admission,Low
TCK-0157,"I am escalating my complaint as my previous three tickets on the same unresolved scholarship issue were closed without any action, and the matter remains urgent. Roll No: F25BBSCS7M5564",Complaint,High
TCK-0158,Just checking the process to update my emergency contact in HR records.,Employee Services,Low
TCK-0159,Sir I submitted my degree application form but have not received any confirmation email. Please confirm receipt. Roll No: F24BBSIT6M6573,Degree,Medium
TCK-0160,On my clearence form only 7th semester show but now i am completed my degree Please add 8th semester fee details in my clearence form,Clearance,Medium
TCK-0161,My comprehensive exam date is missing from my record; kindly update it so I can proceed. Roll No: S24BBMEDS3M6446,Examination,Medium
TCK-0162,"The examination portal has crashed for the entire class right before the scheduled online exam start time, and no backup arrangement has been announced yet. LLB (5 Years)",Examination,Critical
TCK-0163,My 4th semester results is not showing on e portal please guide and solve this problem,Result,Medium
TCK-0164,What is the admission fee structure for BS Mathematics?,Admission,Low
TCK-0165,"I need my final clearance certificate today for a job that requires it as proof of degree completion, and without it my job offer will be withdrawn by end of day. Roll No: S23BMPHIL7M9270",Clearance,Critical
TCK-0166,"My degree application submitted on 25 July 2026 still shows pending review. Kindly confirm expected completion date. Name: Adnan Rasheed, Roll No: S25BBMEDS5M5119",Degree,Medium
TCK-0167,"The examination portal has crashed for the entire class right before the scheduled online exam start time, and no backup arrangement has been announced yet. BS Information Technology",Examination,Critical
TCK-0168,"My exam re-evaluation result has still not been updated for about a week, and my final semester GPA calculation, needed for a scholarship application this week, depends on it. Roll No: S25BBELEN2M7730",Examination,High
TCK-0169,Just checking the process to correct a minor name spelling issue.,Name Correction,Low
TCK-0170,"My admission offer will be automatically cancelled at midnight tonight if I do not submit my original documents, but the university document upload portal is showing a server error for all users.",Admission,Critical
TCK-0171,What is the admission fee structure for PhD Management Sciences?,Admission,Low
TCK-0172,"My account keeps logging me out automatically every few minutes, making it impossible to submit forms. Roll No: S22BBMEDS5M4937",Account & Login,Medium
TCK-0173,"My leave of absence request for a medical emergency has not been approved yet, and my semester fee deadline, which depends on this approval, is this week. Roll No: S22BMPHIL4M7843",Other,High
TCK-0174,Is there an option to change my profile picture on the portal?,Profile Update,Low
TCK-0175,My account shows 'Access Restricted' message when I try to view my dashboard. Roll No: F20BBDOCS2M2402,Account & Login,Medium
TCK-0176,How can I get the GitHub Student Developer Pack using my IUB email?,Other,Low
TCK-0177,"My name on my degree does not match my CNIC due to a typo, and this mismatch is now blocking my HEC attestation submission which has a deadline this week. Roll No: S25BMBA7M4978",Name Correction,High
TCK-0178,Just checking if a thesis extension request can be filed online.,Thesis,Low
TCK-0179,"Subject: Fee Deducted But Challan Showing Expired Challan ID: 2627301822 Description: Respected Sir, I am a student of Department of Mathematics. I paid my financial voucher for HAT test via Alfa app right around the expiration time. The amount has been successfully deducted from my bank account, but on the IUB portal, the status is still showing ""Expired"" instead of ""Paid"". My details are: Name: Yusra Rehman CNIC: 3120283834396 Challan ID: 2627301822 Transaction ID (TID): 838343963886 I have attached the payment receipt/proof below. Kindly verify the transaction from the bank ledger and update my portal status to ""Paid"". Thank you.",Fee & Challan,High
TCK-0180,Just checking if clearance can be applied online or only in person.,Clearance,Low
TCK-0181,"My credit transfer approval, required today to secure my admission abroad before their deadline expires tonight, has still not been processed despite repeated urgent requests. Roll No: F25BBAGRI3M3754",Other,Critical
TCK-0182,My examination is scheduled to start in two hours and my admit card has still not been generated on the portal due to a fee mismatch error. Please resolve immediately. Roll No: F25BBSMATH6M9742,Examination,Critical
TCK-0183,"When I open the myIUB app and navigate to the Result section, it appears empty and does not load any data. Kindly resolve. Roll No: F21BBDOCS7M7818",Portal Technical Issue,Medium
TCK-0184,"My degree verification request from a foreign employer has been pending response from the university for more than 20 days, and my job offer is contingent on this verification being completed soon. Roll No: F24BMBA7M6549",Certificate / Verification,High
TCK-0185,"I updated my profile with my new MPhil degree information required for a job application deadline this week, but the changes are not being saved by the portal at all. Roll No: S23BBAGRI3M8140",Profile Update,High
TCK-0186,"Respected Sir/Madam, I submitted my original transcript for verification on 10 July 2026 but there has been no update for more than 20 days. I need it urgently as it is my only original copy. Name: Adnan Rasheed, Roll No: F24BLLB6M4598, BS Information Technology.",Transcript,High
TCK-0187,"My salary has not been credited for a few days despite my department confirming approval, and I urgently need this to cover overdue household expenses. Kindly expedite.",Employee Services,High
TCK-0188,"I am filing an urgent complaint as my thesis defense scheduled for tomorrow is at risk of cancellation because the Directorate of Academics has, without explanation, still not cleared my eligibility despite it being confirmed complete two weeks ago. Roll No: F24BLLB3M6751",Complaint,Critical
TCK-0189,"Respected Sir/Madam, I submitted my original transcript for verification on 18 July 2026 but there has been no update for nearly two months. I need it urgently as it is my only original copy. Name: Zainab Fatima, Roll No: S25BPHD2M9751, MBA.",Transcript,High
TCK-0190,Kindly guide me on the renewal process for my scholarship for the upcoming semester. Roll No: F24BBDOCS4M5114,Scholarship,Medium
TCK-0191,"Sir mera account login nahi ho raha, password reset bhi kaam nahi kar raha. Roll no S23BPHD6M9041.",Account & Login,Medium
TCK-0192,Just want to know how to update my mobile number on my profile.,Profile Update,Low
TCK-0193,"Request for repair of the projector in the Department of Agronomy lecture hall, Khanpur Campus, which has not been working for two weeks.",Infrastructure / Maintenance,Medium
TCK-0194,My repeat course result for Statistics has not been updated yet. Roll No: S22BBELEN4M1887,Result,Medium
TCK-0195,"When I open the myIUB app or website and navigate to the Transcript section, the transcript is not showing. Instead, it appears empty or does not load any data. I am unable to view my academic transcript, and it is unclear whether this issue is due to a system error or missing data. Kindly check and resolve this issue as soon as possible so that the transcript information can be accessed properly.",Portal Technical Issue,High
TCK-0196,What documents are required for the final clearance process?,Clearance,Low
TCK-0197,"Dear Support Team, I am unable to update my biography, keywords, CV, and professional links on my professional profile. I would appreciate your assistance in resolving this issue at your earliest convenience. I appreciate your support. Kind regards, Prof.Dr. Muhammad Ali Qureshi",Profile Update,Medium
TCK-0198,I urgently need guidance on the credit transfer process as my enrollment at another institution depends on this being resolved before their deadline this week. Roll No: S22BBSMATH6M1693,Other,High
TCK-0199,"Request for repair of the projector in the Department of Law lecture hall, Rahim Yar Khan Campus, which has not been working for two weeks.",Infrastructure / Maintenance,Medium
TCK-0200,"I need an official letter of recommendation urgently for a scholarship application closing in two days, and my department has not responded to my request submitted over a month ago. Roll No: S22BBDOCS1M7484",Other,High
TCK-0201,"Despite three attempts, the portal will not save my updated CNIC on my profile, and HEC needs this exact record to complete my degree attestation this week. Roll No: F20BBELEN3M7624",Profile Update,High
TCK-0202,Is there a suggestion box to report minor facility issues on campus?,Infrastructure / Maintenance,Low
TCK-0203,"Dear Sir/Madam, I hope you are doing well. I am writing to kindly follow up regarding my application for Degree Recognition (Outside the UAE), which I submitted through MOHESR VFSGLOBAL. I would like to inquire about the current status of my application, as I have not yet received any update and the process appears to be taking longer than expected. For your reference, my application/reference number is: VFS-202606-45959 I would appreciate it if you could please check and provide me with an update regarding the progress of my application. Thank you for your time and support. I look forward to your response. Kind regards, Sana Nawaz",Certificate / Verification,Medium
TCK-0204,Kindly share the contact details of the alumni relations office; I would like to register as an alumnus. Roll No: F24BBECON1M1126,Other,Medium
TCK-0205,"My degree application submitted on 18 July 2026 still shows pending review. Kindly confirm expected completion date. Name: Rabia Anjum, Roll No: F22BBMEDS1M5315",Degree,Medium
TCK-0206,"Dear Sir/Madam, I applied for degree completion clearance to obtain my official LL.B (5 Years) academic transcript. The clearance from the Directorate of IT has already been completed, but the Directorate of Academics clearance is still pending. Kindly review and process my clearance request at your earliest convenience.",Clearance,Medium
TCK-0207,"Despite completing all dues, my clearance form has remained stuck at the Accounts Office stage for a few days, blocking my final transcript and degree processing. Roll No: S24BBAGRI7M2988",Clearance,High
TCK-0208,"Request for repair of the projector in the Department of Law lecture hall, Baghdad-ul-Jadeed Campus, which has not been working for two weeks.",Infrastructure / Maintenance,Medium
TCK-0209,I need my Enrollment Certificate for a scheme application. Kindly issue it as soon as possible. Roll No: S25BBECON6M3153,Certificate / Verification,Medium
TCK-0210,Several ceiling fans in the Bahawalpur City Campus hostel common room are not working; kindly arrange repair.,Infrastructure / Maintenance,Medium
TCK-0211,"I need my final clearance certificate today for a job that requires it as proof of degree completion, and without it my job offer will be withdrawn by end of day. Roll No: F22BBSIT4M9702",Clearance,Critical
TCK-0212,"I have been awarded the HEC Need-Based Scholarship (Phase 2) shown on my portal, but I have not received any update on the disbursement schedule. Roll No: F22BPHD3M3647",Scholarship,Medium
TCK-0213,"Despite three attempts, the portal will not save my updated CNIC on my profile, and HEC needs this exact record to complete my degree attestation this week. Roll No: F20BBAGRI7M7883",Profile Update,High
TCK-0214,"My scholarship result correction request affecting my CGPA-based eligibility for the next scholarship cycle has not been reviewed, and the eligibility list closes in a few days. Roll No: F22BLLB2M3662",Scholarship,High
TCK-0215,"My HEC attestation appointment is tomorrow and the university verification, which HEC is waiting on, has still not been submitted despite my request nearly two months ago. Please expedite immediately. Roll No: F23BBMEDS1M6374",Certificate / Verification,Critical
TCK-0216,"Fee challan kaise generate karain portal per, please guide.",Fee & Challan,Low
TCK-0217,My department clearance is approved but the library clearance section still shows pending despite no outstanding books. Roll No: S23BBSIT7M3780,Clearance,Medium
TCK-0218,The thesis submission deadline is today at midnight and the upload button has been non-functional for our entire batch since this afternoon. Kindly fix immediately. MBA,Thesis,Critical
TCK-0219,"I accidentally generated a single fee voucher of Rs. 3,500 combining two subjects. Kindly cancel it so I can generate separate vouchers. Roll No: S24BBSCS7M4044",Fee & Challan,Medium
TCK-0220,I have to apply for MS admission at NDU Islamabad. Today is last date to apply. I need my transcript for the admission process. Without final transcript admission will be cancelled. Kindly give me my final transcript today.,Transcript,Critical
TCK-0221,I have already submitted my thesis but am unable to check the current status on the MyIUB portal because it shows 'Registration Number is missing'. Kindly update. Roll No: F20BBECON7M1919,Thesis,Medium
TCK-0222,I have a visa interview appointment tomorrow morning and the embassy requires my original transcript as supporting evidence. My application will be rejected without it. Please issue on urgent basis. Roll No: S22BBPESS1M4456,Transcript,Critical
TCK-0223,"Course registration closes at midnight tonight and the registration module has been throwing an error for every student in my batch since this morning. BS Economics, Baghdad-ul-Jadeed Campus",Course Registration,Critical
TCK-0224,"I have a supply in Financial Accounting but the Course Repeat option does not show this subject on my portal, nor has a challan been generated. Kindly enable it. Roll No: S22BMBA4M5722",Course Registration,Medium
TCK-0225,"My name correction request has been pending for a few days, and it is now blocking my degree printing since the name must match CNIC exactly. Roll No: F25BBDOCS4M7071",Name Correction,High
TCK-0226,I have been awarded a compartment (F grade) in Chemistry despite being confident I attempted the paper correctly; I request urgent re-evaluation by a different examiner as this is affecting my scholarship eligibility. Roll No: S23BBSEEN6M3361,Examination,High
TCK-0227,My educational records (MS and MPhil degrees) are not reflected in my profile despite attaching verified transcripts. Kindly update. Name: Adnan Rasheed,Profile Update,Medium
TCK-0228,I would like to know the status of my admission merit list position for LLB (5 Years).,Admission,Medium
TCK-0229,"This is a formal complaint regarding the repeated mishandling of my case across three different offices, each redirecting me to the other without resolving my fee issue for over a month. Roll No: F21BBSCS4M2582",Complaint,High
TCK-0230,"Despite three attempts, the portal will not save my updated CNIC on my profile, and HEC needs this exact record to complete my degree attestation this week. Roll No: F20BBECON3M7389",Profile Update,High
TCK-0231,"I am writing on behalf of our entire batch of MBA HEC need-based scholarship recipients — the final installment has not been paid for over two years despite repeated complaints, and several of us are now unable to complete our clearance for graduation because of unpaid dues. Rahim Yar Khan Campus",Scholarship,Critical
TCK-0232,"My MyIUB account has been completely locked for two weeks after a failed password reset, and I am unable to submit my thesis-related forms before the deadline this week. Roll No: F23BBECON2M5952",Account & Login,High
TCK-0233,"My name correction request has been pending for nearly two months, and it is now blocking my degree printing since the name must match CNIC exactly. Roll No: S22BBELEN6M4249",Name Correction,High
TCK-0234,What is the format of the mid-term examination this semester?,Examination,Low
TCK-0235,"I am unable to complete my semester registration because the portal keeps showing a hold on my account for a due I have already cleared, and registration closes tomorrow. Roll No: F20BPHD7M9889",Course Registration,High
TCK-0236,"My name on the university portal is listed as Zeesha, but my official CNIC name is different. Kindly correct my name on the portal. Roll No: F21BBSIT6M1659",Name Correction,Medium
TCK-0237,"I have been trying to get a refund of Rs. 8,000 in excess fee charges for over a year now with no response. This amount is significant for my family. Roll No: F25BBAGRI3M7484",Fee & Challan,High
TCK-0238,My admission application fee was paid but the application status still shows 'Pending Payment' on the portal. Roll No: F21BLLB3M3925,Admission,Medium
TCK-0239,Where can employees check their provident fund balance?,Employee Services,Low
TCK-0240,"My contract renewal has not been processed and my current contract expires this week, putting my continued employment and salary at risk.",Employee Services,High
TCK-0241,Sir maine apni repeat subject ki fee pay ki thi lekin system abi tak pending show kar raha hai. Roll no F20BBSEEN5M8811.,Fee & Challan,Medium
TCK-0242,The dark mode toggle on the portal doesn't seem to save my preference.,Portal Technical Issue,Low
TCK-0243,"Aoa I am doing PhD and it is my fourth year , due to domestic issue I want to freeze the PhD course how to apply for this. Regards",Course Registration,Medium
TCK-0244,Just checking if hostel fee is included in the semester challan.,Fee & Challan,Low
TCK-0245,"My exam re-evaluation result has still not been updated for over a month, and my final semester GPA calculation, needed for a scholarship application this week, depends on it. Roll No: S22BBMEDS3M4090",Examination,High
TCK-0246,"My MyIUB account has been completely locked for about a week after a failed password reset, and I am unable to submit my thesis-related forms before the deadline this week. Roll No: F23BMBA4M5530",Account & Login,High
TCK-0247,Where can I find my examination roll number slip?,Examination,Low
TCK-0248,There is a clear discrepancy between my award list and my final result on the portal — several subjects show lower marks than what I actually secured. Kindly review urgently. Roll No: F23BBAGRI5M8350,Result,High
TCK-0249,"There isn't any option to change our picture. The picture we click while getting admission is not so good and sometimes due to rush at admission cell, the picture clicked isn't so good. Can you please add a feature to upload a new picture from the MyIUB ?? Further, the exact same picture that is clicked on admission time is displayed on the student card which looks odd when we print out our cards. So in order to handle that as well. Can you please enable a student to upload his picture through the MyIUB ??",Profile Update,Low
TCK-0250,"My experience certificate, required for a visa interview scheduled this week, has still not been issued despite requesting it over a month ago.",Employee Services,High
TCK-0251,I urgently require my final transcript as I am applying for higher studies abroad and the application deadline is approaching soon. Kindly expedite. Roll No: F25BBDATS3M6820,Transcript,High
TCK-0252,How long does the clearance approval usually take?,Clearance,Low
TCK-0253,Filing a complaint about being given inconsistent information by two different staff members regarding my clearance requirements.,Complaint,Medium
TCK-0254,"None of the students in our batch can log in to the portal since last night, and today is the final date for exam form submission with no extension announced. BS Mathematics",Account & Login,Critical
TCK-0255,One course result can not be show the my iub,Result,Medium
TCK-0256,"My scholarship result correction request affecting my CGPA-based eligibility for the next scholarship cycle has not been reviewed, and the eligibility list closes in a few days. Roll No: S24BBDATS4M3088",Scholarship,High
TCK-0257,My admission abroad will be cancelled today unless I submit a degree with my name matching my passport exactly; the correction request has been pending for over a month despite the urgency I flagged. Roll No: S24BBSIT4M8616,Name Correction,Critical
TCK-0258,"Due to the mismatch between my student name and my national ID card name, I am facing rejection at multiple official verification steps including my visa application. Kindly correct urgently. Roll No: S23BBSCS4M6934",Name Correction,High
TCK-0259,My salary has not been paid for the last two months and I have an urgent medical expense today; please expedite release of my pending dues immediately.,Employee Services,Critical
TCK-0260,"My name mismatch between my degree and CNIC is the sole reason my HEC attestation, required tomorrow for a visa appointment, has been rejected. Please correct this on the most urgent basis. Roll No: F24BLLB4M4995",Name Correction,Critical
TCK-0261,Just want to know the plagiarism threshold allowed for thesis submission.,Thesis,Low
TCK-0262,"Hi. our entire class' result is not showing on the portal since the last semester. We are very worried about that. Can you please correct the technical error. We are batch of the 2022-2026 of BSCS Class, section M2. On the transcript page,it says no data found. please correct it as soons as possible",Result,High
TCK-0263,The thesis submission deadline is today at midnight and the upload button has been non-functional for our entire batch since this afternoon. Kindly fix immediately. LLB (5 Years),Thesis,Critical
TCK-0264,"Just noticed the portal footer links go to a broken page, reporting it.",Portal Technical Issue,Low
TCK-0265,Kindly confirm whether my thesis proposal has been forwarded to the board for approval. Roll No: F23BMBA1M8110,Thesis,Medium
TCK-0266,Is fee payable through Easypaisa as well or only bank challan?,Fee & Challan,Low
TCK-0267,Transcript kab tak mil jaye ga? Bs pochna tha.,Transcript,Low
TCK-0268,Is clearance required even if I have no library or hostel dues?,Clearance,Low
TCK-0269,"This is an urgent complaint that my case file appears to have been lost by the Directorate of Academics, with no record found of my clearance submission from about a week ago. Roll No: S22BBSMATH5M1430",Complaint,High
TCK-0270,"Respected Admin, ​I have accidentally generated a single fee voucher of Rs. 24,000 for two subjects of my 4th semester (Challan # 2627675818). ​I want to pay the fee for these subjects separately in two installments of Rs. 12,000 each. Therefore, I kindly request you to cancel/delete this current pending voucher from my portal so that I can generate separate vouchers for each subject. ​Thank you.",Fee & Challan,Medium
TCK-0271,I worked as a Visiting Lecturer at the university from Fall 2021 to Fall 2022. I am currently applying for a student visa and require my salary slips and an experience certificate as supporting documents for my visa application. I would appreciate it if you could kindly provide my salary slips for the above-mentioned period and issue my experience certificate at your earliest convenience. Thank you for your assistance.,Employee Services,High
TCK-0272,"I was declared eligible on the merit list for MS Electrical Power Engineering but my admission fee challan is not generating, and today is the last date to pay and confirm my seat.",Admission,High
TCK-0273,Eligibility Requirements Missing You cannot proceed with thesis submission because of the following pending item(s): Missing Registration Number: Please contact your DASR Office to put your registration number. Missing Comprehensive Exam Date: Please contact your department's exam coordinator to record your comprehensive exam date. this is the error in my eportal thesis section,Thesis,High
TCK-0274,I have applied for adjustment of MS allowance arrears against an excess amount deducted from my salary. Kindly confirm if any further information is required. Contact: 0316395999,Employee Services,Medium
TCK-0275,"Respected Sir, Thank you for your reply. My only request is that as my urgent degree challan be issued accórding to spouse quota, instead of regular challan which is Rs.5000/-, and be upload on my MYIUB Portal. Regards Shahida Shaheen Roll No./MYIUB ID: F22BSEEN3M01013 CNIC No.31202-1108025-4",Fee & Challan,Medium
TCK-0276,"The elevator serving the examination hall on the upper floor has broken down, creating serious difficulty for students with mobility issues ahead of tomorrow's exam. Khanpur Campus",Infrastructure / Maintenance,High
TCK-0277,Request for repairing of sewage systems and washrooms in C2,Infrastructure / Maintenance,High
TCK-0278,I need a bonafide student certificate for a bank loan application. Kindly issue at your earliest convenience. Roll No: F24BPHD7M3240,Certificate / Verification,Medium
TCK-0279,I have applied for my MS allowance with adjustment of its arriers against the excess amount being deducted from my salary.. You are requested to please let me know in case any further information required. 03216810025,Employee Services,Medium
TCK-0280,Sir mera transcript voucher pay ho chuka hai lekin portal pr abi tak show nahi ho raha. Roll no F25BMPHIL3M1711. Kindly check kr dein.,Transcript,Medium
TCK-0281,"My profile shows a completely wrong CNIC that is blocking my degree attestation submission, which is due at the HEC office tomorrow morning. Please fix this urgently. Roll No: S23BLLB2M9751",Profile Update,Critical
TCK-0282,Kindly guide me regarding the migration certificate process along with my degree. Roll No: S23BBSEEN1M6947,Degree,Medium
TCK-0283,"Saqlain Ahmad 1441 BSEEN 4th Sem 7M I wish to get my 'Computer Architecture & Assembly Language' exam paper Rechecked. I sincerely believe there has been some mistake, because this was a subject I prepared for. I prepared all the practical work as well. I did all the assignments & never missed a single class.",Examination,Medium
TCK-0284,"Sir how can I apply for degree collection, please guide.",Degree,Low
TCK-0285,My thesis file was rejected by the portal for an unspecified reason and the resubmission deadline is in two days; I need urgent guidance. Roll No: S24BBDATS1M8237,Thesis,High
TCK-0286,Kindly issue my examination admit card as it is not showing on the portal yet. Roll No: F20BBPESS6M5891,Examination,Medium
TCK-0287,"My name correction request has been pending for more than 20 days, and it is now blocking my degree printing since the name must match CNIC exactly. Roll No: F22BBELEN2M9548",Name Correction,High
TCK-0288,"I submit this complaint regarding the non-payment of the final installment of my scholarship. It has been more than two and a half years since the 4th installment, but despite repeated requests and inquiries, the last installment of the scholarship has not been provided. Throughout this period, the university administration repeatedly informed us that the payment was delayed due to the unavailability of funds and assured us that the installment would be released once adequate funds became available. In response to a previous complaint submitted through the Prime Minister's Portal, the university also stated that the scholarship would be granted when sufficient funds were available. Upon recent inquiry, it was informed that we (Batch-9 of HEC-need based scholarship) had already received all scholarship installments. This claim is incorrect as we received only four installments while other Pharm-D students have been granted 5 installments due to 5 years degree program",Scholarship,Critical
TCK-0289,"My Directorate of Academics clearance has been pending for about a week even though my IT and library clearances were completed long ago, and I need my final transcript for a job application. Roll No: F24BBAGRI7M4262",Clearance,High
TCK-0290,"Despite completing all dues, my clearance form has remained stuck at the Accounts Office stage for more than 20 days, blocking my final transcript and degree processing. Roll No: S22BBAGRI2M1090",Clearance,High
TCK-0291,My examination admit card is missing and my paper is scheduled for tomorrow morning; without it I may not be allowed to sit the exam. Roll No: F22BBMEDS1M3068,Examination,High
TCK-0292,"My thesis section shows an error 'Missing Comprehensive Exam Date'; kindly contact the exam coordinator to update this on my behalf, or guide me on the process. Roll No: S23BPHD3M8529",Thesis,Medium
TCK-0293,"The fire alarm system across the Khanpur Campus hostel block has stopped working entirely, posing a serious safety risk to all resident students. Immediate repair is requested.",Infrastructure / Maintenance,Critical
TCK-0294,Just checking whether certificates can be collected by a family member on my behalf.,Certificate / Verification,Low
TCK-0295,"On LMS Dashboard profile My name is written as First Name: M Last Name: A please write full name there First Name: MUHAMMAD Last Name: AHSAN. i cannot edit it, kindly update the full name or enable profile/name edit option thankyou regards Muhammad Ahsan roll number S26BMEDS4E01005 PhD Media studies",Profile Update,Medium
TCK-0296,"My MyIUB account has been completely locked for a few days after a failed password reset, and I am unable to submit my thesis-related forms before the deadline this week. Roll No: F23BBECON1M9779",Account & Login,High
TCK-0297,"The HEC Need-Based Scholarship (Phase 2) is showing on my IUB portal. I would like to know when the scholarship amount is expected to be disbursed. Will it be released during the current vacations or after the start of the next semester? I would also like to request an update because we need to arrange the semester fee. If the scholarship is not expected to be released before the fee deadline, please let us know so that we can make the necessary financial arrangements.",Scholarship,Medium
TCK-0298,I am one of several students whose scholarship installment has been delayed causing us to accumulate late fee fines on our semester challans. Kindly expedite. Roll No: F22BLLB4M1406,Scholarship,High
TCK-0299,"I am filing an urgent complaint that my degree, required tomorrow for a visa interview, has been stuck for about a week due to what appears to be an internal miscommunication between two offices, neither of which will take responsibility. Roll No: F20BBSCS6M9691",Complaint,Critical
TCK-0300,I am an international applicant and my visa appointment tomorrow depends entirely on receiving my admission offer letter today; without it my entire study-abroad plan collapses.,Admission,Critical
TCK-0301,Is there a mobile app version of MyIUB portal available?,Portal Technical Issue,Low
TCK-0302,"My HEC attestation appointment is tomorrow and the university verification, which HEC is waiting on, has still not been submitted despite my request nearly two months ago. Please expedite immediately. Roll No: F21BPHD7M8606",Certificate / Verification,Critical
TCK-0303,"Sir mujhe apna transcript chahiye, kaisay milay ga?",Transcript,Low
TCK-0304,Dear Account officer !Recently I have cleared my BSc Hons Agriculture form Agronomy department.I paid my degree Internship fee from easypaisa But still challan is pending on My IUB Kindly help me in clearing my Challan Status.,Fee & Challan,Medium
TCK-0305,"Scholarship form kahan se milay ga, please guide karain.",Scholarship,Low
TCK-0306,"My semester fee challan is not showing on the portal, please help me generate it so I can pay before the due date. Roll No: S25BMBA5M1998",Fee & Challan,Medium
TCK-0307,Is online degree verification available for employers?,Degree,Low
TCK-0308,Please confirm if my course load this semester meets the minimum credit hour requirement. Roll No: F20BBSIT7M3870,Course Registration,Medium
TCK-0309,My admission abroad will be cancelled today unless I submit a degree with my name matching my passport exactly; the correction request has been pending for nearly two months despite the urgency I flagged. Roll No: S25BBPESS3M5022,Name Correction,Critical
TCK-0310,"Respected Sir/Madam, My HEC degree attestation application is currently stuck at ""Submitted by UFP"" status. It is pending online verification from The Islamia University of Bahawalpur. Kindly verify my degree details from the university database so HEC can proceed with my attestation. My Details: Name: Muhammad Ali Zia Roll Number / Registration Number: [S22BSEEN1M01122] CNIC: [31202-4785294-3] HEC Application ID: [5238287] Degree Program: [BS Software Engineering] Passing Year: [2022-2026] Thank you.",Certificate / Verification,High
TCK-0311,Sir mera 5th semester ka result portal pr show nahi ho raha. Roll no S22BBAGRI1M2588. Kindly update karain.,Result,Medium
TCK-0312,Can a water cooler be installed near the Department of Economics building?,Infrastructure / Maintenance,Low
TCK-0313,"My registration hold has still not been cleared despite clearing all dues two weeks ago, and today is the absolute last day to register, after which I will lose the semester entirely. Roll No: F21BBAGRI7M2858",Course Registration,Critical
TCK-0314,I have a visa interview appointment tomorrow morning and the embassy requires my original transcript as supporting evidence. My application will be rejected without it. Please issue on urgent basis. Roll No: F20BBAGRI7M1525,Transcript,Critical
TCK-0315,"Subject: Request for Enrollment Certificate Dear Sir/Madam, I need my Enrollment Certificate for the CM Punjab E-Bike Scheme application. Kindly issue my Enrollment Certificate as soon as possible. Thank you.",Certificate / Verification,Medium
TCK-0316,My HEC degree attestation application is currently stuck at 'Submitted by UFP' status and is pending online verification from the university for two weeks. HEC cannot proceed without this verification. Roll No: S24BBSCS4M7038,Certificate / Verification,High
TCK-0317,Sir mera 6th semester ka result portal pr show nahi ho raha. Roll no F22BMBA5M8744. Kindly update karain.,Result,Medium
TCK-0318,Just want to know which departments need to sign the clearance form.,Clearance,Low
TCK-0319,"I am an overseas applicant and my admission offer letter, required for my visa application, has not been issued even though I was confirmed on the merit list two weeks ago.",Admission,High
TCK-0320,Please add a feature to upload a new profile picture from MyIUB.,Profile Update,Low
TCK-0321,I would like to request a review of my examination papers as my marks appear lower than expected across almost every subject. Roll No: S25BBDOCS6M3236,Examination,Medium
TCK-0322,I wish to get my 'Thermodynamics' exam paper rechecked as I believe there has been a mistake in marking. Roll No: S22BBECON7M9318,Examination,Medium
TCK-0323,"Despite three attempts, the portal will not save my updated CNIC on my profile, and HEC needs this exact record to complete my degree attestation this week. Roll No: S25BMBA1M7232",Profile Update,High
TCK-0324,Introduction to ict lab,Other,Low
TCK-0325,My semester fee payment deadline is today and the challan generation option has completely disappeared from my portal since this morning; I risk being dropped from the semester if I cannot pay today. Roll No: S24BBAGRI5M5345,Fee & Challan,Critical
TCK-0326,"I keep getting logged out mid-way while filling a long form on the portal, losing all my entered data. Roll No: S22BBPESS5M1986",Portal Technical Issue,Medium
TCK-0327,"My Directorate of Academics clearance has been pending for more than 20 days even though my IT and library clearances were completed long ago, and I need my final transcript for a job application. Roll No: F23BBDATS7M9486",Clearance,High
TCK-0328,Kindly tell me how many casual leaves are allowed per year for staff.,Employee Services,Low
TCK-0329,"My transcript request has been pending for two weeks despite the fee being paid, and I need it for a scholarship submission this week. Name: Anum Sultana, Roll No: F25BMPHIL2M2139",Transcript,High
TCK-0330,I have applied for adjustment of MS allowance arrears against an excess amount deducted from my salary. Kindly confirm if any further information is required. Contact: 0359509870,Employee Services,Medium
TCK-0331,The Wi-Fi router in the Department of Mathematics block has been intermittent for several days; kindly get it checked.,Infrastructure / Maintenance,Medium
TCK-0332,Kindly update my hostel clearance status; I vacated the hostel last month but it still shows unresolved. Roll No: F21BBPESS5M6491,Clearance,Medium
TCK-0333,"This is a formal complaint regarding the repeated mishandling of my case across three different offices, each redirecting me to the other without resolving my result issue for over a month. Roll No: F25BBSMATH6M7929",Complaint,High
TCK-0334,"Our whole department's final semester result system is showing 'no data found' for every student, blocking all of us from applying for graduation clearance before tomorrow's deadline. BS Physical Education & Sports Sciences, Baghdad-ul-Jadeed Campus",Result,Critical
TCK-0335,How can I check where my account is is login and how can I log out,Account & Login,Low
TCK-0336,Just wanted to confirm the leave application process for faculty.,Employee Services,Low
TCK-0337,"My urgent degree application (Application No. 27177) has been pending for over a month even though I applied and paid under the urgent category. I need it for higher studies admission abroad. Name: Shahzaib Khan, Roll No: F21BBAGRI2M2049",Degree,High
TCK-0338,"Request for repair of the projector in the Department of Agronomy lecture hall, Baghdad-ul-Jadeed Campus, which has not been working for two weeks.",Infrastructure / Maintenance,Medium
TCK-0339,How can I check which email is registered against my account?,Account & Login,Low
TCK-0340,"hello sir,i want to get github developer pack on basis of iub email ,can you guide me to get it.Thank You",Other,Low
TCK-0341,"I have an F grade in Design & Analysis of Algorithms which is visible in my result, but the subject is not appearing in the Course Repeat section, and I cannot register for Summer Semester 2026 without it. Kindly resolve urgently. Roll No: F24BBDOCS2M5719",Course Registration,High
TCK-0342,"Respected Sir/Madam, I submitted my original transcript for verification on 14 July 2026 but there has been no update for two weeks. I need it urgently as it is my only original copy. Name: Usman Ghani, Roll No: F23BBSMATH1M7227, BS Economics.",Transcript,High
TCK-0343,"My admission slot is at risk of being cancelled because the portal has not accepted my scanned documents despite multiple attempts, and the admission deadline is tomorrow.",Admission,High
TCK-0344,There is a spelling mistake in my name on my student email and portal record; my correct name is Yasir Mehmood. Kindly correct as soon as possible. Roll No: F21BMPHIL2M8619,Name Correction,Medium
TCK-0345,"i uploaded someones other documents by mistake ,please remove them so i can upload mine",Profile Update,Medium
TCK-0346,My admission application fee was paid but the application status still shows 'Pending Payment' on the portal. Roll No: F21BMPHIL4M6663,Admission,Medium
TCK-0347,Just want to know the process to request an ID card replacement as an employee.,Employee Services,Low
TCK-0348,Sir meri clearance mein galti se supply show ho rahi hai jo asal mein clear ho chuki hai. Kindly correct kr dein. Roll no F24BBAGRI4M6279.,Clearance,Medium
TCK-0349,How can I apply for a merit scholarship next semester?,Scholarship,Low
TCK-0350,Who do I contact to update my father's name on my record?,Name Correction,Low
TCK-0351,Can a water cooler be installed near the Department of Mathematics building?,Infrastructure / Maintenance,Low
TCK-0352,"I am filing a formal complaint that my calls and messages to the Department of Agronomy office over the past nearly two months regarding my pending case have gone completely unanswered, causing serious inconvenience.",Complaint,High
TCK-0353,I have been awarded a compartment (F grade) in Statistics despite being confident I attempted the paper correctly; I request urgent re-evaluation by a different examiner as this is affecting my scholarship eligibility. Roll No: S23BMBA7M7246,Examination,High
TCK-0354,"I was awarded the HEC Need-Based Scholarship but the final installment of Rs. 31,000 has not been disbursed for about a week, and I now have an overdue semester fee deadline approaching without it. Roll No: S24BBSEEN7M7049",Scholarship,High
TCK-0355,"I am filing a formal complaint that my calls and messages to the Department of Statistics office over the past a few days regarding my pending case have gone completely unanswered, causing serious inconvenience.",Complaint,High
TCK-0356,Dear Sir! I have applied for urgent degree of Msc Hons Entomology. Its been 2 month that challan is paid and application is submitted but the status on portal show that application is submitted and pending for review. Dear sir i have paid challan for urgent degree because I have to appear in swedish embassy for doc verification' without MSc Hons degree there is authentic chance of rejecting my visa application It is humbally request that please grant my degree on urgent basis so that I may process it Kindly issue my degree on urgent basis,Degree,Critical
TCK-0357,Just wanted to confirm the thesis submission format guidelines.,Thesis,Low
TCK-0358,My thesis file was rejected by the portal for an unspecified reason and the resubmission deadline is in two days; I need urgent guidance. Roll No: S23BBSMATH3M4263,Thesis,High
TCK-0359,"My name on my degree does not match my CNIC due to a typo, and this mismatch is now blocking my HEC attestation submission which has a deadline this week. Roll No: F24BBSMATH6M2983",Name Correction,High
TCK-0360,"I paid my semester fee of Rs. 22,000 via JazzCash on 25 July 2026 and the amount has been deducted from my account, but the portal still shows the challan as 'Expired'/'Pending'. Kindly verify from the bank ledger urgently. Roll No: S25BMPHIL5M6183",Fee & Challan,High
TCK-0361,"Dear Administration / Scholarship Office, I hope you are doing well. My name is Muhammad Faraz, and my Registration Number is F22BECON1M03002. I have completed my BS program from the Department of Economics and am currently processing my final university clearance. I am writing to bring to your attention that I was awarded two scholarships, as shown in the attached screenshot (1001640642.jpg): Financial Crisis Scholarship Fall 2023 (Amount: 27,784) — Received Financial Crisis Scholarship Spring 2024 (Amount: 6,946) — Pending / Not Received Since I am completing my clearance process right now, could you please check the status of this pending amount (Rs. 6,946) and guide me on how it will be disbursed or adjusted? Thank you for your assistance. Best regards, Muhammad Faraz Roll No: F22BECON1M03002 Department of Economics",Scholarship,Medium
TCK-0362,Please guide me on the procedure to apply for a semester leave of absence due to personal reasons. Roll No: S25BBSEEN6M2336,Other,Medium
TCK-0363,Just want to know what documents are needed to support a name correction request.,Name Correction,Low
TCK-0364,Is there a minimum number of credit hours required for scholarship eligibility?,Course Registration,Low
TCK-0365,Can a water cooler be installed near the Department of Agronomy building?,Infrastructure / Maintenance,Low
TCK-0366,I am doing my MPhil and due to a domestic issue I want to freeze my current semester registration. Kindly guide me on the process.,Course Registration,Medium
TCK-0367,Kindly guide me how to change my selected campus from Baghdad-ul-Jadeed Campus to another campus on my admission form.,Admission,Medium
TCK-0368,My thesis file was rejected by the portal for an unspecified reason and the resubmission deadline is in two days; I need urgent guidance. Roll No: S25BBPESS6M7951,Thesis,High
TCK-0369,Kindly guide me how to change my selected campus from Khanpur Campus to another campus on my admission form.,Admission,Medium
TCK-0370,"The payroll system for the entire faculty has failed this cycle and salaries have not been disbursed to anyone, with rent and utility deadlines due today for many staff.",Employee Services,Critical
TCK-0371,"The entire MyIUB portal has been completely down for all students and staff since last night, and today is the deadline for semester registration with no announced extension.",Portal Technical Issue,Critical
TCK-0372,I am lodging a serious complaint that confidential information from my student file was reportedly discussed with an unauthorized third party. This requires immediate investigation.,Complaint,High
TCK-0373,English proficiency letter,Other,Low
TCK-0374,Kindly confirm the referencing style required for the thesis document.,Thesis,Low
TCK-0375,Hello Sir My result for the 10 th Semester is not available on the portal. Kindly update it. My result for the Repeat course of 8th semester Criminal Law 2 and Law of Evidence 2 is also not updated.Kindly review. Thanks,Result,Medium
TCK-0376,I accidentally uploaded someone else's documents to my profile by mistake; please remove them so I can upload my own. Roll No: S24BBSCS2M3471,Profile Update,Medium
TCK-0377,Just want to confirm if my login ID is my roll number or email.,Account & Login,Low
TCK-0378,"I need an urgent official letter confirming my enrollment for a visa interview tomorrow morning, and the department responsible has not responded despite my request three days ago. Roll No: S24BPHD1M9693",Other,Critical
TCK-0379,I would like to confirm my pension contribution status as a retiring faculty member this year.,Employee Services,Medium
TCK-0380,"My transcript request has been pending for more than 20 days despite the fee being paid, and I need it for a scholarship submission this week. Name: Farhan Sadiq, Roll No: F21BLLB4M2291",Transcript,High
TCK-0381,I wish to complain about the lack of clear communication regarding changes to the examination schedule this semester.,Complaint,Medium
TCK-0382,"My login access to the faculty portal was suddenly revoked, blocking me from uploading marks before the result declaration deadline tomorrow.",Account & Login,High
TCK-0383,Small complaint: the library reading room could use better lighting.,Complaint,Low
TCK-0384,"My leave of absence request for a medical emergency has not been approved yet, and my semester fee deadline, which depends on this approval, is this week. Roll No: S23BBSMATH6M6928",Other,High
TCK-0385,"My repeat subject fee challan has not been generated even though the subject is showing on my result as failed, and course registration closes in two days. Roll No: S25BBSIT4M8242",Course Registration,High
TCK-0386,Just curious about the minimum CGPA required to remain eligible for scholarship.,Scholarship,Low
TCK-0387,How can I change my name spelling on the student ID card?,Name Correction,Low
TCK-0388,I need a bonafide student certificate for a bank loan application. Kindly issue at your earliest convenience. Roll No: S24BLLB3M3695,Certificate / Verification,Medium
TCK-0389,Kindly guide me how to change my selected campus from Rahim Yar Khan Campus to another campus on my admission form.,Admission,Medium
TCK-0390,Kindly change my registered email address on my account as I no longer have access to the old one. Roll No: F25BBDATS4M4475,Account & Login,Medium
TCK-0391,"None of the students in our batch can log in to the portal since last night, and today is the final date for exam form submission with no extension announced. BS Data Science",Account & Login,Critical
TCK-0392,"My experience certificate, required for a visa interview scheduled this week, has still not been issued despite requesting it nearly two months ago.",Employee Services,High
TCK-0393,Just checking if summer semester registration is open to all students.,Course Registration,Low
TCK-0394,My transcript not showing???,Transcript,Medium
TCK-0395,"The result portal has been completely down for our entire batch of BS Software Engineering since yesterday, and we have a scholarship application deadline tomorrow that requires the latest transcript. Please fix this urgently, Khanpur Campus.",Result,Critical
TCK-0396,"My thesis defense date has been scheduled, but I cannot download my approved proposal from the portal, which the committee has requested I bring. Roll No: S23BBSCS2M7248",Thesis,High
TCK-0397,"This is a critical complaint that my scholarship funds, urgently needed to pay today's fee deadline to avoid being dropped from the semester, have been withheld without any explanation despite my approval being on record. Roll No: S22BBELEN4M6585",Complaint,Critical
TCK-0398,How can I generate a new fee challan for this semester?,Fee & Challan,Low
TCK-0399,I would like to know if my scholarship covers hostel fee as well or only tuition fee. Roll No: F23BMBA3M4335,Scholarship,Medium
TCK-0400,"My migration application from another university is stuck pending verification, and the admission deadline for this semester closes in two days.",Admission,High
TCK-0401,Kindly tell me how long a name correction usually takes to process.,Name Correction,Low
TCK-0402,I am writing to formally complain about the significant delay of two weeks in processing my clearance request despite multiple follow-ups and no clear explanation from any department. Roll No: F25BBSCS5M9313,Complaint,High
TCK-0403,Kindly correct my father's name on my transcript as it currently has a typo. Roll No: S25BMBA6M2876,Name Correction,Medium
TCK-0404,"I was awarded the Ehsaas Scholarship but the final installment of Rs. 12,000 has not been disbursed for a few days, and I now have an overdue semester fee deadline approaching without it. Roll No: F25BBAGRI6M5088",Scholarship,High
TCK-0405,"My salary has not been credited for nearly two months despite my department confirming approval, and I urgently need this to cover overdue household expenses. Kindly expedite.",Employee Services,High
TCK-0406,"Despite three attempts, the portal will not save my updated CNIC on my profile, and HEC needs this exact record to complete my degree attestation this week. Roll No: S22BBECON5M8633",Profile Update,High
TCK-0407,Minor issue: the dashboard icons overlap slightly on my screen.,Portal Technical Issue,Low
TCK-0408,Kindly confirm whether my thesis proposal has been forwarded to the board for approval. Roll No: F25BBECON4M3385,Thesis,Medium
TCK-0409,I am unable to log in even with the correct credentials; it shows 'Invalid Username or Password' repeatedly. Roll No: F24BBECON3M5526,Account & Login,Medium
TCK-0410,Sir meri degree ka challan paid hai lekin status abi tak update nahi hua. Roll no S24BBSIT5M1009. Kindly check karain.,Degree,Medium
TCK-0411,Just checking if calculators are allowed in the statistics final exam.,Examination,Low
TCK-0412,"This is a critical complaint that my scholarship funds, urgently needed to pay today's fee deadline to avoid being dropped from the semester, have been withheld without any explanation despite my approval being on record. Roll No: F25BBPESS6M6314",Complaint,Critical
TCK-0413,"The entire clearance module of the portal has been throwing a server error for two days, and I cannot proceed with a time-sensitive task because of it. Roll No: F23BPHD2M5352",Portal Technical Issue,High
TCK-0414,"Respected Sir/Madam, I respectfully request a review of my examination papers. I am fully confident that my exams went well, and I strongly believe that my papers may not have been checked properly. I have noticed that my marks are lower than expected in almost every subject. Furthermore, there appears to be a discrepancy between my award list and my final result. For example, my award list shows 11.1 quality points, whereas my final result shows only 8.7 quality points. Similar discrepancies appear in other subjects as well. I am especially concerned about my ICT subject, in which I have been awarded a compartment (F grade). I am 110% confident that I attempted the paper properly and answered the questions to the best of my knowledge. I strongly believe that I should not have received a compartment in this subject. Therefore, I kindly request that my ICT paper be re-evaluated by a different teacher, and that the marks in my other subjects also be reviewed and corrected if any errors are found. I would be very grateful for your kind consideration and assistance. Thank you. This version is suitable for submitting to your university's examination department or Head of Department.",Examination,Medium
TCK-0415,How can I request a bonafide/enrollment certificate from the university?,Certificate / Verification,Low
TCK-0416,"I keep getting logged out mid-way while filling a long form on the portal, losing all my entered data. Roll No: S22BBMEDS4M5871",Portal Technical Issue,Medium
TCK-0417,please update the result we're waiting for the results now the declaration date has also passed.,Result,Medium
TCK-0418,"Today is the absolute last date for admission fee submission for MBA, and the online payment gateway has been down since this morning for every applicant on my merit list. Please fix this immediately or my seat will be lost.",Admission,Critical
TCK-0419,Degree ka status kaise check kr saktay hain portal per?,Degree,Low
TCK-0420,Please confirm the venue for my upcoming examination as it is not mentioned on my admit card. Roll No: S25BPHD4M3434,Examination,Medium
TCK-0421,Just a minor suggestion: the campus cafeteria menu could use more variety.,Complaint,Low
TCK-0422,Kindly tell me the deadline to add or drop a course this semester.,Course Registration,Low
TCK-0423,Aoa sir please reverse my clearance form because meri supply rehti hai wo ghalti sy hogai ha please uski reverse kr dein supply deny k bd dubra apply kronga,Clearance,Medium
TCK-0424,Kindly tell me when degree distribution ceremony will be held.,Degree,Low
TCK-0425,"My thesis section shows an error 'Missing Comprehensive Exam Date'; kindly contact the exam coordinator to update this on my behalf, or guide me on the process. Roll No: S24BBELEN5M3950",Thesis,Medium
TCK-0426,"Request for repair of a leaking tap in the Department of Physical Education & Sports Sciences washroom, Rahim Yar Khan Campus.",Infrastructure / Maintenance,Medium
TCK-0427,"My uploaded thesis file keeps getting corrupted after upload and cannot be opened by the reviewing faculty, delaying my submission close to the deadline. Roll No: F20BBAGRI3M5632",Portal Technical Issue,High
TCK-0428,"HEC verification of my scholarship documents is still pending after more than 20 days, delaying my entire disbursement while my semester fee due date is approaching fast. Roll No: S24BMBA4M1158",Scholarship,High
TCK-0429,"The result declaration module has crashed for the whole university just minutes before the scheduled declaration time, and thousands of students including myself are waiting anxiously. Please resolve urgently.",Portal Technical Issue,Critical
TCK-0430,It is late the result .please result on permanent time.,Result,Medium
TCK-0431,Just a suggestion: the portal font size could be a bit bigger for readability.,Portal Technical Issue,Low
TCK-0432,"Please give me my transcript with marks, thank you.",Transcript,Low
TCK-0433,Kindly share the contact details of the alumni relations office; I would like to register as an alumnus. Roll No: S23BPHD4M8957,Other,Medium
TCK-0434,Is there a sports scholarship available for MBA students?,Scholarship,Low
TCK-0435,"Subject: Name Correction Request My complete name according to my CNIC is **Muhammad Rafay Bin Asif**, but it is currently showing as **Muhammad Rafay Bin**. I had already contacted my department office last semester, and the name was corrected at that time. However, it appears that the correction has not been updated in all records. Kindly update and correct my name to **Muhammad Rafay Bin Asif** in all relevant systems. Roll No: F25BDOCS1M01349 Class: BSCS 2nd 4M Thank you.",Name Correction,Medium
TCK-0436,"The portal has repeatedly logged me into another student's account by mistake, exposing their private data and blocking my own access. Kindly fix urgently.",Portal Technical Issue,High
TCK-0437,Hi Respected sir i want to change modify my picture from My Transcript kindly i am sharing this picture kindly update on profile record Thanks,Profile Update,Low
TCK-0438,"Respected Sir, I have an embassy visa interview in two days and they have specifically asked for my original degree as mandatory proof, without which my visa application will be rejected. Please issue my degree on the most urgent basis. Roll No: F20BBSCS6M1964, Name: Faizan Haider",Degree,Critical
TCK-0439,On my student email in my name there is a mistake. It is written GhulamGhulam Haider which is incorrect. My correct name is Ghulam Haider. Due to this problem I am facing problem in many things because my Student name is not similar to my national id card name. Please correct it as soon as possible. Regards,Name Correction,Medium
TCK-0440,"My Directorate of Academics clearance has been pending for more than 20 days even though my IT and library clearances were completed long ago, and I need my final transcript for a job application. Roll No: S22BLLB6M4185",Clearance,High
TCK-0441,When does course registration open for the next semester?,Course Registration,Low
TCK-0442,How many credit hours can I register for in a normal semester?,Course Registration,Low
TCK-0443,"My whole class 1st semester finals Result is delaying for too long now. Result was expected to be on portal at 29 June. It was the last date but it's already 6 July but there isn't any result yet to be seen. BS IT 1st semester, Rahim yar khan campus",Result,High
TCK-0444,I need guidance on transferring my credits from another university to BS Physical Education & Sports Sciences. Roll No: S24BBSMATH6M6802,Other,Medium
TCK-0445,Kindly confirm the seating plan location for tomorrow's exams.,Examination,Low
TCK-0446,Kindly issue my examination admit card as it is not showing on the portal yet. Roll No: S22BBSMATH4M8736,Examination,Medium
TCK-0447,"When will the next semester result be announced, just asking.",Result,Low
TCK-0448,I want to join,Other,Low
TCK-0449,"The portal shows 'Invalid Token Request' error whenever I try to access my dashboard, while other students are able to access theirs normally. Roll No: F21BBSEEN2M6039",Portal Technical Issue,High
TCK-0450,"It is respectfully submitted that the telephone line of the Department of English, Baghdad-ul-Jadeed Campus (Phone No. 065-3488628) is not functioning, and this is adversely affecting the ongoing admission campaign as applicants cannot reach us. Kindly repair urgently.",Infrastructure / Maintenance,High
TCK-0451,profile update submission is not working. profile update history is not showing any thing.,Portal Technical Issue,Medium
TCK-0452,Please update my current postal address on my profile as it still shows my old hostel address. Roll No: F22BMBA2M2052,Profile Update,Medium
TCK-0453,"I keep getting logged out mid-way while filling a long form on the portal, losing all my entered data. Roll No: F21BBSIT2M4457",Portal Technical Issue,Medium
TCK-0454,Show nhi ho Raha h,Result,Low
TCK-0455,There is a clear discrepancy between my award list and my final result on the portal — several subjects show lower marks than what I actually secured. Kindly review urgently. Roll No: S22BBDATS3M8579,Result,High
TCK-0456,السلام علیکم ورحمتہ اللہ! میرا turnitin account بلاک کیا گیا ہے کیوں کہ میرا وہ اکاؤنٹ کمپیوٹر ڈیپارٹمنٹ سے ایک اور دوست استعمال کر رہے تھے۔ میرے علم میں نہیں تھا کہ پاسورڈ کسی اور کو نہیں دینا۔ اب میں نے کمپلین درج کروائی ہے تو اس کا اک گول مول سا جواب مجھے دے دیا گیا ہے مگر اکاؤنٹ ابھی تک بلاک ہے۔ میں اپنے طلباء کا کوئی بھی کام کرنے سے قاصر ہوں۔ مان لیا کہ یہ غلط تھا تو آپ نے بند کر دیا اب میں کمپلین کی ہے تو اسے اک وارننگ کے ساتھ کھول دیا جانا چاہیے تھا نا۔ یا مجھے بتا دیا جائے کہ آپ کا اکاؤنٹ اب نہیں کھل سکتا۔ یا پھر اس کا کوئی پروسس بتایا جانا چاہیے۔ ایسا تو نہیں کہ بس پھر خاموشی یہاں جو کام ہونے ہیں وہ پھر وقت پر کیسے مکمل ہو سکیں گے۔ اس لیے مہربانی فرمائیں اور میرے اکاؤنٹ کو کھولیں یا پھر مجھے مکمل طریقہ کار سے آگاہ کریں کہ کیسے ہوگا۔,Account & Login,High
TCK-0457,Please update my current postal address on my profile as it still shows my old hostel address. Roll No: F24BBAGRI3M6502,Profile Update,Medium
TCK-0458,"Despite three attempts, the portal will not save my updated CNIC on my profile, and HEC needs this exact record to complete my degree attestation this week. Roll No: S24BMBA6M9947",Profile Update,High
TCK-0459,*As-Salaam-Alaikum* By mistakenly I apply for clearance for ADP I’ll apply after my 4th semester result need to Reset My clearance Portion Thanks,Clearance,Medium
TCK-0460,"Subject: Request for Correction of Result Respected Sir/Madam, I hope you are doing well. I would like to request the correction of my semester result. According to the university rules, the marks of non-credit subjects are not included in the total marks. However, on my result portal, the marks of Fehm-e-Quran, which is a non-credit subject, have been included in the total. As a result, my total marks are showing 440, whereas the correct total should be 240. It also appears that there is an issue related to the Biostatistics result, which I kindly request you to review as well. I respectfully request you to verify my result and correct the total marks according to the university regulations. I would be grateful if this issue could be resolved at your earliest convenience. Thank you for your time and consideration. Yours sincerely, Usama Naeem",Result,High
TCK-0461,"It has been two weeks since I completed my graduation, yet I have not received my degree despite paying all dues. This is causing significant difficulty for my employment process. Roll No: S24BBSMATH5M7932",Degree,High
TCK-0462,Kindly change my registered email address on my account as I no longer have access to the old one. Roll No: F23BBPESS6M7046,Account & Login,Medium
TCK-0463,"ssalam-o-Alaikum, Registration No: F25BDOCS7M08021 I have an F grade in [COSC-3115_Design & Analysis of Algorithms], which is visible in my result. However, the subject is not appearing in the Course Repeat section of my student portal. Due to this, I am unable to register for Summer Semester 2026. Kindly check my portal and enable the subject for repeat registration as soon as possible. Thank you.",Course Registration,High
TCK-0464,Just want to know if I can register for an elective from another department.,Course Registration,Low
TCK-0465,"My admission has been put on hold because my HEC equivalence certificate has not been verified yet, and classes for BS Information Technology start this week. Kindly expedite verification urgently.",Admission,High
TCK-0466,"Dear Support Team, I have already submitted my thesis but I am unable to know the current status of my thesis submission on the My IUB portal because the following issues are showing: ""Registration Number is missing."" ""Comprehensive Exam Date is missing."" Kindly update my Registration Number and Comprehensive Exam Date in the system so that I can check the current status. Student Name: Zeeshan Ul Haq Roll No: F24BELEN3E01004 Program: MSc Electrical Power Engineering Thank you.",Thesis,High
TCK-0467,"The portal loads a bit slowly on mobile, just wanted to report it.",Portal Technical Issue,Low
TCK-0468,"The elevator serving the examination hall on the upper floor has broken down, creating serious difficulty for students with mobility issues ahead of tomorrow's exam. Baghdad-ul-Jadeed Campus",Infrastructure / Maintenance,High
TCK-0469,asslam o Alaikum I hope you are doing well sir Meri degree ab complete huai ha pr mujh sa by mistake Clearance ka 4th semester ma apply hu gaya tha kindly Mera clearance form update kr da ta ka ma clearance ka Liya kr sako aur degree lay sako I'd card no. 3110371944313 Roll no. F22BAGRI1M01053 JazakAllah,Clearance,High
TCK-0470,i paid my repeated subjevt fee challan by jazzcash Qr fode scan to pay but still system show pending,Fee & Challan,High
TCK-0471,"My exam re-evaluation result has still not been updated for over a month, and my final semester GPA calculation, needed for a scholarship application this week, depends on it. Roll No: F25BBSMATH1M8213",Examination,High
TCK-0472,I mistakenly applied for clearance under the wrong semester and now my degree processing is stuck because the system will not let me correct it myself. Roll No: F20BBSEEN2M8784,Clearance,High
TCK-0473,Kindly tell me the process to request an official transcript copy.,Transcript,Low
TCK-0474,My scholarship was suddenly cancelled without notice and I have no funds to pay today's fee deadline; if I don't pay today I will be dropped from the semester entirely. Roll No: F23BBPESS2M2771,Scholarship,Critical
